0 verbose cli C:\Program Files\nodejs\node.exe C:\Program Files\nodejs\node_modules\npm\bin\npm-cli.js
1 info using npm@11.12.1
2 info using node@v24.15.0
3 silly config load:file:C:\Program Files\nodejs\node_modules\npm\npmrc
4 silly config load:file:D:\Projects\reverx-wiki\.npmrc
5 silly config load:file:C:\Users\aalen\.npmrc
6 silly config load:file:C:\Users\aalen\AppData\Roaming\npm\etc\npmrc
7 verbose title npm install @astrojs/mdx
8 verbose argv "install" "@astrojs/mdx" "--cache" ".\\.npm-cache"
9 verbose logfile logs-max:10 dir:D:\Projects\reverx-wiki\.npm-cache\_logs\2026-06-14T04_22_10_485Z-
10 verbose logfile D:\Projects\reverx-wiki\.npm-cache\_logs\2026-06-14T04_22_10_485Z-debug-0.log
11 silly logfile done cleaning log files
12 silly packumentCache heap:4496293888 maxSize:1124073472 maxEntrySize:562036736
13 verbose shrinkwrap failed to load node_modules/.package-lock.json out of date, updated: node_modules
14 silly idealTree buildDeps
15 silly fetch manifest @astrojs/mdx@*
16 silly packumentCache full:https://registry.npmjs.org/@astrojs%2fmdx cache-miss
17 http fetch GET 200 https://registry.npmjs.org/@astrojs%2fmdx 2350ms (cache miss)
18 silly packumentCache full:https://registry.npmjs.org/@astrojs%2fmdx set size:undefined disposed:false
19 silly fetch manifest @astrojs/markdown-satteri@0.3.0
20 silly packumentCache full:https://registry.npmjs.org/@astrojs%2fmarkdown-satteri cache-miss
21 http fetch GET 200 https://registry.npmjs.org/@astrojs%2fmarkdown-satteri 359ms (cache miss)
22 silly packumentCache full:https://registry.npmjs.org/@astrojs%2fmarkdown-satteri set size:undefined disposed:false
23 silly fetch manifest astro@^6.2.1
24 silly packumentCache full:https://registry.npmjs.org/astro cache-miss
25 http fetch GET 200 https://registry.npmjs.org/npm 4159ms
26 http fetch GET 200 https://registry.npmjs.org/astro 4151ms (cache miss)
27 silly packumentCache full:https://registry.npmjs.org/astro set size:undefined disposed:false
28 silly placeDep ROOT @astrojs/mdx@6.0.3 OK for: reverx-wiki@0.0.1 want: *
29 silly placeDep ROOT astro@6.4.6 REPLACE for: @astrojs/mdx@6.0.3 want: ^6.4.0
30 silly fetch manifest acorn@^8.16.0
31 silly packumentCache full:https://registry.npmjs.org/acorn cache-miss
32 silly fetch manifest source-map@^0.7.6
33 silly packumentCache full:https://registry.npmjs.org/source-map cache-miss
34 silly fetch manifest @mdx-js/mdx@^3.1.1
35 silly packumentCache full:https://registry.npmjs.org/@mdx-js%2fmdx cache-miss
36 silly fetch manifest estree-util-visit@^2.0.0
37 silly packumentCache full:https://registry.npmjs.org/estree-util-visit cache-miss
38 silly fetch manifest @astrojs/markdown-remark@7.2.0
39 silly packumentCache full:https://registry.npmjs.org/@astrojs%2fmarkdown-remark cache-miss
40 silly fetch manifest @astrojs/internal-helpers@0.10.0
41 silly packumentCache full:https://registry.npmjs.org/@astrojs%2finternal-helpers cache-miss
42 silly fetch manifest ci-info@^4.4.0
43 silly packumentCache full:https://registry.npmjs.org/ci-info cache-miss
44 silly fetch manifest devalue@^5.8.1
45 silly packumentCache full:https://registry.npmjs.org/devalue cache-miss
46 silly fetch manifest dset@^3.1.4
47 silly packumentCache full:https://registry.npmjs.org/dset cache-miss
48 silly fetch manifest get-tsconfig@5.0.0-beta.4
49 silly packumentCache full:https://registry.npmjs.org/get-tsconfig cache-miss
50 silly fetch manifest github-slugger@^2.0.0
51 silly packumentCache full:https://registry.npmjs.org/github-slugger cache-miss
52 silly fetch manifest js-yaml@^4.1.1
53 silly packumentCache full:https://registry.npmjs.org/js-yaml cache-miss
54 silly fetch manifest jsonc-parser@^3.3.1
55 silly packumentCache full:https://registry.npmjs.org/jsonc-parser cache-miss
56 silly fetch manifest shiki@^4.0.2
57 silly packumentCache full:https://registry.npmjs.org/shiki cache-miss
58 silly fetch manifest smol-toml@^1.6.0
59 silly packumentCache full:https://registry.npmjs.org/smol-toml cache-miss
60 silly fetch manifest @astrojs/internal-helpers@0.10.0
61 silly packumentCache full:https://registry.npmjs.org/@astrojs%2finternal-helpers cache-miss
62 silly fetch manifest @astrojs/telemetry@3.3.2
63 silly packumentCache full:https://registry.npmjs.org/@astrojs%2ftelemetry cache-miss
64 silly fetch manifest @astrojs/markdown-remark@7.2.0
65 silly packumentCache full:https://registry.npmjs.org/@astrojs%2fmarkdown-remark cache-miss
66 http fetch GET 200 https://registry.npmjs.org/acorn 580ms (cache miss)
67 silly packumentCache full:https://registry.npmjs.org/acorn set size:undefined disposed:false
68 http fetch GET 200 https://registry.npmjs.org/source-map 647ms (cache miss)
69 silly packumentCache full:https://registry.npmjs.org/source-map set size:undefined disposed:false
70 http fetch GET 200 https://registry.npmjs.org/devalue 1207ms (cache miss)
71 silly packumentCache full:https://registry.npmjs.org/devalue set size:undefined disposed:false
72 http fetch GET 200 https://registry.npmjs.org/@astrojs%2finternal-helpers 1206ms (cache miss)
73 silly packumentCache full:https://registry.npmjs.org/@astrojs%2finternal-helpers set size:undefined disposed:false
74 http fetch GET 200 https://registry.npmjs.org/@astrojs%2ftelemetry 1212ms (cache miss)
75 silly packumentCache full:https://registry.npmjs.org/@astrojs%2ftelemetry set size:undefined disposed:false
76 http fetch GET 200 https://registry.npmjs.org/@astrojs%2finternal-helpers 1245ms (cache miss)
77 silly packumentCache full:https://registry.npmjs.org/@astrojs%2finternal-helpers set size:undefined disposed:false
78 http fetch GET 200 https://registry.npmjs.org/dset 1483ms (cache miss)
79 silly packumentCache full:https://registry.npmjs.org/dset set size:undefined disposed:false
80 http fetch GET 200 https://registry.npmjs.org/jsonc-parser 1485ms (cache miss)
81 silly packumentCache full:https://registry.npmjs.org/jsonc-parser set size:undefined disposed:false
82 http fetch GET 200 https://registry.npmjs.org/@astrojs%2fmarkdown-remark 1585ms (cache miss)
83 silly packumentCache full:https://registry.npmjs.org/@astrojs%2fmarkdown-remark set size:undefined disposed:false
84 http fetch GET 200 https://registry.npmjs.org/github-slugger 1597ms (cache miss)
85 silly packumentCache full:https://registry.npmjs.org/github-slugger set size:undefined disposed:false
86 http fetch GET 200 https://registry.npmjs.org/smol-toml 1599ms (cache miss)
87 silly packumentCache full:https://registry.npmjs.org/smol-toml set size:undefined disposed:false
88 http fetch GET 200 https://registry.npmjs.org/js-yaml 2003ms (cache miss)
89 silly packumentCache full:https://registry.npmjs.org/js-yaml set size:undefined disposed:false
90 http fetch GET 200 https://registry.npmjs.org/shiki 2142ms (cache miss)
91 silly packumentCache full:https://registry.npmjs.org/shiki set size:undefined disposed:false
92 http fetch GET 200 https://registry.npmjs.org/get-tsconfig 2200ms (cache miss)
93 silly packumentCache full:https://registry.npmjs.org/get-tsconfig set size:undefined disposed:false
94 http fetch GET 200 https://registry.npmjs.org/@astrojs%2fmarkdown-remark 2216ms (cache miss)
95 silly packumentCache full:https://registry.npmjs.org/@astrojs%2fmarkdown-remark set size:undefined disposed:false
96 http fetch GET 200 https://registry.npmjs.org/estree-util-visit 2228ms (cache miss)
97 silly packumentCache full:https://registry.npmjs.org/estree-util-visit set size:undefined disposed:false
98 http fetch GET 200 https://registry.npmjs.org/@mdx-js%2fmdx 3013ms (cache miss)
99 silly packumentCache full:https://registry.npmjs.org/@mdx-js%2fmdx set size:undefined disposed:false
100 http fetch GET 200 https://registry.npmjs.org/ci-info 3880ms (cache miss)
101 silly packumentCache full:https://registry.npmjs.org/ci-info set size:undefined disposed:false
102 silly placeDep ROOT @astrojs/internal-helpers@0.10.0 OK for: @astrojs/mdx@6.0.3 want: 0.10.0
103 silly placeDep ROOT @astrojs/markdown-remark@7.2.0 OK for: @astrojs/mdx@6.0.3 want: 7.2.0
104 silly placeDep ROOT @mdx-js/mdx@3.1.1 OK for: @astrojs/mdx@6.0.3 want: ^3.1.1
105 silly placeDep ROOT acorn@8.17.0 OK for: @astrojs/mdx@6.0.3 want: ^8.16.0
106 silly placeDep ROOT estree-util-visit@2.0.0 OK for: @astrojs/mdx@6.0.3 want: ^2.0.0
107 silly placeDep ROOT source-map@0.7.6 OK for: @astrojs/mdx@6.0.3 want: ^0.7.6
108 silly fetch manifest hast-util-to-text@^4.0.2
109 silly packumentCache full:https://registry.npmjs.org/hast-util-to-text cache-miss
110 silly fetch manifest mdast-util-definitions@^6.0.0
111 silly packumentCache full:https://registry.npmjs.org/mdast-util-definitions cache-miss
112 silly fetch manifest remark-rehype@^11.1.2
113 silly packumentCache full:https://registry.npmjs.org/remark-rehype cache-miss
114 silly fetch manifest unist-util-remove-position@^5.0.0
115 silly packumentCache full:https://registry.npmjs.org/unist-util-remove-position cache-miss
116 silly fetch manifest @astrojs/prism@4.0.2
117 silly packumentCache full:https://registry.npmjs.org/@astrojs%2fprism cache-miss
118 silly fetch manifest @types/estree-jsx@^1.0.0
119 silly packumentCache full:https://registry.npmjs.org/@types%2festree-jsx cache-miss
120 silly fetch manifest @types/mdx@^2.0.0
121 silly packumentCache full:https://registry.npmjs.org/@types%2fmdx cache-miss
122 silly fetch manifest acorn@^8.0.0
123 silly packumentCache full:https://registry.npmjs.org/acorn cache-miss
124 silly fetch manifest collapse-white-space@^2.0.0
125 silly packumentCache full:https://registry.npmjs.org/collapse-white-space cache-miss
126 silly fetch manifest estree-util-is-identifier-name@^3.0.0
127 silly packumentCache full:https://registry.npmjs.org/estree-util-is-identifier-name cache-miss
128 silly fetch manifest estree-util-scope@^1.0.0
129 silly packumentCache full:https://registry.npmjs.org/estree-util-scope cache-miss
130 silly fetch manifest estree-walker@^3.0.0
131 silly packumentCache full:https://registry.npmjs.org/estree-walker cache-miss
132 silly fetch manifest hast-util-to-jsx-runtime@^2.0.0
133 silly packumentCache full:https://registry.npmjs.org/hast-util-to-jsx-runtime cache-miss
134 silly fetch manifest markdown-extensions@^2.0.0
135 silly packumentCache full:https://registry.npmjs.org/markdown-extensions cache-miss
136 silly fetch manifest recma-build-jsx@^1.0.0
137 silly packumentCache full:https://registry.npmjs.org/recma-build-jsx cache-miss
138 silly fetch manifest recma-jsx@^1.0.0
139 silly packumentCache full:https://registry.npmjs.org/recma-jsx cache-miss
140 silly fetch manifest recma-stringify@^1.0.0
141 silly packumentCache full:https://registry.npmjs.org/recma-stringify cache-miss
142 silly fetch manifest rehype-recma@^1.0.0
143 silly packumentCache full:https://registry.npmjs.org/rehype-recma cache-miss
144 silly fetch manifest remark-mdx@^3.0.0
145 silly packumentCache full:https://registry.npmjs.org/remark-mdx cache-miss
146 silly fetch manifest remark-rehype@^11.0.0
147 silly packumentCache full:https://registry.npmjs.org/remark-rehype cache-miss
148 silly fetch manifest source-map@^0.7.0
149 silly packumentCache full:https://registry.npmjs.org/source-map cache-miss
150 silly fetch manifest unist-util-position-from-estree@^2.0.0
151 silly packumentCache full:https://registry.npmjs.org/unist-util-position-from-estree cache-miss
152 silly fetch manifest @types/estree-jsx@^1.0.0
153 silly packumentCache full:https://registry.npmjs.org/@types%2festree-jsx cache-miss
154 http cache https://registry.npmjs.org/source-map 22ms (cache hit)
155 silly packumentCache full:https://registry.npmjs.org/source-map set size:226212 disposed:false
156 http cache https://registry.npmjs.org/acorn 29ms (cache hit)
157 silly packumentCache full:https://registry.npmjs.org/acorn set size:381366 disposed:false
158 http fetch GET 200 https://registry.npmjs.org/recma-build-jsx 291ms (cache miss)
159 silly packumentCache full:https://registry.npmjs.org/recma-build-jsx set size:undefined disposed:false
160 http fetch GET 200 https://registry.npmjs.org/markdown-extensions 293ms (cache miss)
161 silly packumentCache full:https://registry.npmjs.org/markdown-extensions set size:undefined disposed:false
162 http fetch GET 200 https://registry.npmjs.org/recma-jsx 296ms (cache miss)
163 silly packumentCache full:https://registry.npmjs.org/recma-jsx set size:undefined disposed:false
164 http fetch GET 200 https://registry.npmjs.org/estree-util-scope 299ms (cache miss)
165 silly packumentCache full:https://registry.npmjs.org/estree-util-scope set size:undefined disposed:false
166 http fetch GET 200 https://registry.npmjs.org/@types%2fmdx 302ms (cache miss)
167 silly packumentCache full:https://registry.npmjs.org/@types%2fmdx set size:undefined disposed:false
168 http fetch GET 200 https://registry.npmjs.org/unist-util-remove-position 304ms (cache miss)
169 silly packumentCache full:https://registry.npmjs.org/unist-util-remove-position set size:undefined disposed:false
170 http fetch GET 200 https://registry.npmjs.org/estree-walker 304ms (cache miss)
171 silly packumentCache full:https://registry.npmjs.org/estree-walker set size:undefined disposed:false
172 http fetch GET 200 https://registry.npmjs.org/collapse-white-space 319ms (cache miss)
173 silly packumentCache full:https://registry.npmjs.org/collapse-white-space set size:undefined disposed:false
174 http fetch GET 200 https://registry.npmjs.org/estree-util-is-identifier-name 322ms (cache miss)
175 silly packumentCache full:https://registry.npmjs.org/estree-util-is-identifier-name set size:undefined disposed:false
176 http fetch GET 200 https://registry.npmjs.org/hast-util-to-text 510ms (cache miss)
177 silly packumentCache full:https://registry.npmjs.org/hast-util-to-text set size:undefined disposed:false
178 http fetch GET 200 https://registry.npmjs.org/mdast-util-definitions 569ms (cache miss)
179 silly packumentCache full:https://registry.npmjs.org/mdast-util-definitions set size:undefined disposed:false
180 http fetch GET 200 https://registry.npmjs.org/remark-rehype 570ms (cache miss)
181 silly packumentCache full:https://registry.npmjs.org/remark-rehype set size:undefined disposed:false
182 http fetch GET 200 https://registry.npmjs.org/hast-util-to-jsx-runtime 571ms (cache miss)
183 silly packumentCache full:https://registry.npmjs.org/hast-util-to-jsx-runtime set size:undefined disposed:false
184 http fetch GET 200 https://registry.npmjs.org/@types%2festree-jsx 578ms (cache miss)
185 silly packumentCache full:https://registry.npmjs.org/@types%2festree-jsx set size:undefined disposed:false
186 http fetch GET 200 https://registry.npmjs.org/recma-stringify 581ms (cache miss)
187 silly packumentCache full:https://registry.npmjs.org/recma-stringify set size:undefined disposed:false
188 http fetch GET 200 https://registry.npmjs.org/remark-rehype 776ms (cache miss)
189 silly packumentCache full:https://registry.npmjs.org/remark-rehype set size:undefined disposed:false
190 http fetch GET 200 https://registry.npmjs.org/unist-util-position-from-estree 801ms (cache miss)
191 silly packumentCache full:https://registry.npmjs.org/unist-util-position-from-estree set size:undefined disposed:false
192 http fetch GET 200 https://registry.npmjs.org/rehype-recma 819ms (cache miss)
193 silly packumentCache full:https://registry.npmjs.org/rehype-recma set size:undefined disposed:false
194 http fetch GET 200 https://registry.npmjs.org/@types%2festree-jsx 1476ms (cache miss)
195 silly packumentCache full:https://registry.npmjs.org/@types%2festree-jsx set size:undefined disposed:false
196 http fetch GET 200 https://registry.npmjs.org/remark-mdx 1950ms (cache miss)
197 silly packumentCache full:https://registry.npmjs.org/remark-mdx set size:undefined disposed:false
198 http fetch GET 200 https://registry.npmjs.org/@astrojs%2fprism 2760ms (cache miss)
199 silly packumentCache full:https://registry.npmjs.org/@astrojs%2fprism set size:undefined disposed:false
200 silly placeDep ROOT js-yaml@4.2.0 OK for: @astrojs/internal-helpers@0.10.0 want: ^4.1.1
201 silly placeDep ROOT shiki@4.2.0 OK for: @astrojs/internal-helpers@0.10.0 want: ^4.0.2
202 silly placeDep ROOT smol-toml@1.6.1 OK for: @astrojs/internal-helpers@0.10.0 want: ^1.6.0
203 silly fetch manifest argparse@^2.0.1
204 silly packumentCache full:https://registry.npmjs.org/argparse cache-miss
205 silly fetch manifest @shikijs/vscode-textmate@^10.0.2
206 silly packumentCache full:https://registry.npmjs.org/@shikijs%2fvscode-textmate cache-miss
207 silly fetch manifest @shikijs/core@4.2.0
208 silly packumentCache full:https://registry.npmjs.org/@shikijs%2fcore cache-miss
209 silly fetch manifest @shikijs/engine-javascript@4.2.0
210 silly packumentCache full:https://registry.npmjs.org/@shikijs%2fengine-javascript cache-miss
211 silly fetch manifest @shikijs/engine-oniguruma@4.2.0
212 silly packumentCache full:https://registry.npmjs.org/@shikijs%2fengine-oniguruma cache-miss
213 silly fetch manifest @shikijs/langs@4.2.0
214 silly packumentCache full:https://registry.npmjs.org/@shikijs%2flangs cache-miss
215 silly fetch manifest @shikijs/themes@4.2.0
216 silly packumentCache full:https://registry.npmjs.org/@shikijs%2fthemes cache-miss
217 silly fetch manifest @shikijs/types@4.2.0
218 silly packumentCache full:https://registry.npmjs.org/@shikijs%2ftypes cache-miss
219 http fetch GET 200 https://registry.npmjs.org/@shikijs%2fengine-javascript 389ms (cache miss)
220 silly packumentCache full:https://registry.npmjs.org/@shikijs%2fengine-javascript set size:undefined disposed:false
221 http fetch GET 200 https://registry.npmjs.org/@shikijs%2fthemes 567ms (cache miss)
222 silly packumentCache full:https://registry.npmjs.org/@shikijs%2fthemes set size:undefined disposed:false
223 http fetch GET 200 https://registry.npmjs.org/@shikijs%2fcore 578ms (cache miss)
224 silly packumentCache full:https://registry.npmjs.org/@shikijs%2fcore set size:undefined disposed:false
225 http fetch GET 200 https://registry.npmjs.org/@shikijs%2fvscode-textmate 656ms (cache miss)
226 silly packumentCache full:https://registry.npmjs.org/@shikijs%2fvscode-textmate set size:undefined disposed:false
227 http fetch GET 200 https://registry.npmjs.org/@shikijs%2flangs 997ms (cache miss)
228 silly packumentCache full:https://registry.npmjs.org/@shikijs%2flangs set size:undefined disposed:false
229 http fetch GET 200 https://registry.npmjs.org/argparse 1086ms (cache miss)
230 silly packumentCache full:https://registry.npmjs.org/argparse set size:undefined disposed:false
231 http fetch GET 200 https://registry.npmjs.org/@shikijs%2fengine-oniguruma 1406ms (cache miss)
232 silly packumentCache full:https://registry.npmjs.org/@shikijs%2fengine-oniguruma set size:undefined disposed:false
233 http fetch GET 200 https://registry.npmjs.org/@shikijs%2ftypes 1427ms (cache miss)
234 silly packumentCache full:https://registry.npmjs.org/@shikijs%2ftypes set size:undefined disposed:false
235 silly placeDep ROOT @astrojs/prism@4.0.2 OK for: @astrojs/markdown-remark@7.2.0 want: 4.0.2
236 silly placeDep ROOT github-slugger@2.0.0 OK for: @astrojs/markdown-remark@7.2.0 want: ^2.0.0
237 silly placeDep ROOT hast-util-to-text@4.0.2 OK for: @astrojs/markdown-remark@7.2.0 want: ^4.0.2
238 silly placeDep ROOT mdast-util-definitions@6.0.0 OK for: @astrojs/markdown-remark@7.2.0 want: ^6.0.0
239 silly placeDep ROOT remark-rehype@11.1.2 OK for: @astrojs/markdown-remark@7.2.0 want: ^11.1.2
240 silly placeDep ROOT unist-util-remove-position@5.0.0 OK for: @astrojs/markdown-remark@7.2.0 want: ^5.0.0
241 silly fetch manifest prismjs@^1.30.0
242 silly packumentCache full:https://registry.npmjs.org/prismjs cache-miss
243 silly fetch manifest hast-util-is-element@^3.0.0
244 silly packumentCache full:https://registry.npmjs.org/hast-util-is-element cache-miss
245 silly fetch manifest unist-util-find-after@^5.0.0
246 silly packumentCache full:https://registry.npmjs.org/unist-util-find-after cache-miss
247 http fetch GET 200 https://registry.npmjs.org/unist-util-find-after 689ms (cache miss)
248 silly packumentCache full:https://registry.npmjs.org/unist-util-find-after set size:undefined disposed:false
249 http fetch GET 200 https://registry.npmjs.org/hast-util-is-element 743ms (cache miss)
250 silly packumentCache full:https://registry.npmjs.org/hast-util-is-element set size:undefined disposed:false
251 http fetch GET 200 https://registry.npmjs.org/prismjs 840ms (cache miss)
252 silly packumentCache full:https://registry.npmjs.org/prismjs set size:undefined disposed:false
253 silly placeDep ROOT prismjs@1.30.0 OK for: @astrojs/prism@4.0.2 want: ^1.30.0
254 silly placeDep ROOT @types/estree-jsx@1.0.5 OK for: @mdx-js/mdx@3.1.1 want: ^1.0.0
255 silly placeDep ROOT @types/mdx@2.0.14 OK for: @mdx-js/mdx@3.1.1 want: ^2.0.0
256 silly placeDep ROOT collapse-white-space@2.1.0 OK for: @mdx-js/mdx@3.1.1 want: ^2.0.0
257 silly placeDep ROOT estree-util-is-identifier-name@3.0.0 OK for: @mdx-js/mdx@3.1.1 want: ^3.0.0
258 silly placeDep ROOT estree-util-scope@1.0.0 OK for: @mdx-js/mdx@3.1.1 want: ^1.0.0
259 silly placeDep node_modules/@mdx-js/mdx estree-walker@3.0.3 OK for: @mdx-js/mdx@3.1.1 want: ^3.0.0
260 silly placeDep ROOT hast-util-to-jsx-runtime@2.3.6 OK for: @mdx-js/mdx@3.1.1 want: ^2.0.0
261 silly placeDep ROOT markdown-extensions@2.0.0 OK for: @mdx-js/mdx@3.1.1 want: ^2.0.0
262 silly placeDep ROOT recma-build-jsx@1.0.0 OK for: @mdx-js/mdx@3.1.1 want: ^1.0.0
263 silly placeDep ROOT recma-jsx@1.0.1 OK for: @mdx-js/mdx@3.1.1 want: ^1.0.0
264 silly placeDep ROOT recma-stringify@1.0.0 OK for: @mdx-js/mdx@3.1.1 want: ^1.0.0
265 silly placeDep ROOT rehype-recma@1.0.0 OK for: @mdx-js/mdx@3.1.1 want: ^1.0.0
266 silly placeDep ROOT remark-mdx@3.1.1 OK for: @mdx-js/mdx@3.1.1 want: ^3.0.0
267 silly placeDep ROOT unist-util-position-from-estree@2.0.0 OK for: @mdx-js/mdx@3.1.1 want: ^2.0.0
268 silly fetch manifest mdast-util-mdx-expression@^2.0.0
269 silly packumentCache full:https://registry.npmjs.org/mdast-util-mdx-expression cache-miss
270 silly fetch manifest mdast-util-mdx-jsx@^3.0.0
271 silly packumentCache full:https://registry.npmjs.org/mdast-util-mdx-jsx cache-miss
272 silly fetch manifest mdast-util-mdxjs-esm@^2.0.0
273 silly packumentCache full:https://registry.npmjs.org/mdast-util-mdxjs-esm cache-miss
274 silly fetch manifest style-to-js@^1.0.0
275 silly packumentCache full:https://registry.npmjs.org/style-to-js cache-miss
276 silly fetch manifest estree-util-build-jsx@^3.0.0
277 silly packumentCache full:https://registry.npmjs.org/estree-util-build-jsx cache-miss
278 silly fetch manifest acorn-jsx@^5.0.0
279 silly packumentCache full:https://registry.npmjs.org/acorn-jsx cache-miss
280 silly fetch manifest estree-util-to-js@^2.0.0
281 silly packumentCache full:https://registry.npmjs.org/estree-util-to-js cache-miss
282 silly fetch manifest recma-parse@^1.0.0
283 silly packumentCache full:https://registry.npmjs.org/recma-parse cache-miss
284 silly fetch manifest estree-util-to-js@^2.0.0
285 silly packumentCache full:https://registry.npmjs.org/estree-util-to-js cache-miss
286 silly fetch manifest hast-util-to-estree@^3.0.0
287 silly packumentCache full:https://registry.npmjs.org/hast-util-to-estree cache-miss
288 silly fetch manifest mdast-util-mdx@^3.0.0
289 silly packumentCache full:https://registry.npmjs.org/mdast-util-mdx cache-miss
290 silly fetch manifest micromark-extension-mdxjs@^3.0.0
291 silly packumentCache full:https://registry.npmjs.org/micromark-extension-mdxjs cache-miss
292 http fetch GET 200 https://registry.npmjs.org/recma-parse 427ms (cache miss)
293 silly packumentCache full:https://registry.npmjs.org/recma-parse set size:undefined disposed:false
294 http fetch GET 200 https://registry.npmjs.org/mdast-util-mdxjs-esm 429ms (cache miss)
295 silly packumentCache full:https://registry.npmjs.org/mdast-util-mdxjs-esm set size:undefined disposed:false
296 http fetch GET 200 https://registry.npmjs.org/mdast-util-mdx 442ms (cache miss)
297 silly packumentCache full:https://registry.npmjs.org/mdast-util-mdx set size:undefined disposed:false
298 http fetch GET 200 https://registry.npmjs.org/estree-util-to-js 685ms (cache miss)
299 silly packumentCache full:https://registry.npmjs.org/estree-util-to-js set size:undefined disposed:false
300 http fetch GET 200 https://registry.npmjs.org/estree-util-build-jsx 687ms (cache miss)
301 silly packumentCache full:https://registry.npmjs.org/estree-util-build-jsx set size:undefined disposed:false
302 http fetch GET 200 https://registry.npmjs.org/acorn-jsx 802ms (cache miss)
303 silly packumentCache full:https://registry.npmjs.org/acorn-jsx set size:undefined disposed:false
304 http fetch GET 200 https://registry.npmjs.org/estree-util-to-js 803ms (cache miss)
305 silly packumentCache full:https://registry.npmjs.org/estree-util-to-js set size:undefined disposed:false
306 http fetch GET 200 https://registry.npmjs.org/mdast-util-mdx-expression 807ms (cache miss)
307 silly packumentCache full:https://registry.npmjs.org/mdast-util-mdx-expression set size:undefined disposed:false
308 http fetch GET 200 https://registry.npmjs.org/style-to-js 809ms (cache miss)
309 silly packumentCache full:https://registry.npmjs.org/style-to-js set size:undefined disposed:false
310 http fetch GET 200 https://registry.npmjs.org/micromark-extension-mdxjs 810ms (cache miss)
311 silly packumentCache full:https://registry.npmjs.org/micromark-extension-mdxjs set size:undefined disposed:false
312 http fetch GET 200 https://registry.npmjs.org/hast-util-to-estree 812ms (cache miss)
313 silly packumentCache full:https://registry.npmjs.org/hast-util-to-estree set size:undefined disposed:false
314 http fetch GET 200 https://registry.npmjs.org/mdast-util-mdx-jsx 1236ms (cache miss)
315 silly packumentCache full:https://registry.npmjs.org/mdast-util-mdx-jsx set size:undefined disposed:false
316 silly placeDep ROOT @astrojs/telemetry@3.3.2 OK for: astro@6.4.6 want: 3.3.2
317 silly placeDep ROOT ci-info@4.4.0 OK for: astro@6.4.6 want: ^4.4.0
318 silly placeDep ROOT devalue@5.8.1 OK for: astro@6.4.6 want: ^5.8.1
319 silly placeDep ROOT dset@3.1.4 OK for: astro@6.4.6 want: ^3.1.4
320 silly placeDep ROOT get-tsconfig@5.0.0-beta.4 OK for: astro@6.4.6 want: 5.0.0-beta.4
321 silly placeDep ROOT jsonc-parser@3.3.1 OK for: astro@6.4.6 want: ^3.3.1
322 silly fetch manifest is-docker@^4.0.0
323 silly packumentCache full:https://registry.npmjs.org/is-docker cache-miss
324 silly fetch manifest is-wsl@^3.1.1
325 silly packumentCache full:https://registry.npmjs.org/is-wsl cache-miss
326 silly fetch manifest which-pm-runs@^1.1.0
327 silly packumentCache full:https://registry.npmjs.org/which-pm-runs cache-miss
328 silly fetch manifest resolve-pkg-maps@^1.0.0
329 silly packumentCache full:https://registry.npmjs.org/resolve-pkg-maps cache-miss
330 http fetch GET 200 https://registry.npmjs.org/is-docker 234ms (cache miss)
331 silly packumentCache full:https://registry.npmjs.org/is-docker set size:undefined disposed:false
332 http fetch GET 200 https://registry.npmjs.org/is-wsl 255ms (cache miss)
333 silly packumentCache full:https://registry.npmjs.org/is-wsl set size:undefined disposed:false
334 http fetch GET 200 https://registry.npmjs.org/resolve-pkg-maps 282ms (cache miss)
335 silly packumentCache full:https://registry.npmjs.org/resolve-pkg-maps set size:undefined disposed:false
336 http fetch GET 200 https://registry.npmjs.org/which-pm-runs 574ms (cache miss)
337 silly packumentCache full:https://registry.npmjs.org/which-pm-runs set size:undefined disposed:false
338 silly placeDep ROOT is-docker@4.0.0 OK for: @astrojs/telemetry@3.3.2 want: ^4.0.0
339 silly placeDep ROOT is-wsl@3.1.1 OK for: @astrojs/telemetry@3.3.2 want: ^3.1.1
340 silly placeDep ROOT which-pm-runs@1.1.0 OK for: @astrojs/telemetry@3.3.2 want: ^1.1.0
341 silly fetch manifest is-inside-container@^1.0.0
342 silly packumentCache full:https://registry.npmjs.org/is-inside-container cache-miss
343 http fetch GET 200 https://registry.npmjs.org/is-inside-container 568ms (cache miss)
344 silly packumentCache full:https://registry.npmjs.org/is-inside-container set size:undefined disposed:false
345 silly placeDep ROOT resolve-pkg-maps@1.0.0 OK for: get-tsconfig@5.0.0-beta.4 want: ^1.0.0
346 silly placeDep ROOT mdast-util-mdx-expression@2.0.1 OK for: hast-util-to-jsx-runtime@2.3.6 want: ^2.0.0
347 silly placeDep ROOT mdast-util-mdx-jsx@3.2.0 OK for: hast-util-to-jsx-runtime@2.3.6 want: ^3.0.0
348 silly placeDep ROOT mdast-util-mdxjs-esm@2.0.1 OK for: hast-util-to-jsx-runtime@2.3.6 want: ^2.0.0
349 silly placeDep ROOT style-to-js@1.1.21 OK for: hast-util-to-jsx-runtime@2.3.6 want: ^1.0.0
350 silly fetch manifest parse-entities@^4.0.0
351 silly packumentCache full:https://registry.npmjs.org/parse-entities cache-miss
352 silly fetch manifest style-to-object@1.0.14
353 silly packumentCache full:https://registry.npmjs.org/style-to-object cache-miss
354 http fetch GET 200 https://registry.npmjs.org/style-to-object 457ms (cache miss)
355 silly packumentCache full:https://registry.npmjs.org/style-to-object set size:undefined disposed:false
356 http fetch GET 200 https://registry.npmjs.org/parse-entities 539ms (cache miss)
357 silly packumentCache full:https://registry.npmjs.org/parse-entities set size:undefined disposed:false
358 silly placeDep ROOT hast-util-is-element@3.0.0 OK for: hast-util-to-text@4.0.2 want: ^3.0.0
359 silly placeDep ROOT unist-util-find-after@5.0.0 OK for: hast-util-to-text@4.0.2 want: ^5.0.0
360 silly placeDep ROOT is-inside-container@1.0.0 OK for: is-wsl@3.1.1 want: ^1.0.0
361 silly fetch manifest is-docker@^3.0.0
362 silly packumentCache full:https://registry.npmjs.org/is-docker cache-miss
363 http cache https://registry.npmjs.org/is-docker 8ms (cache hit)
364 silly packumentCache full:https://registry.npmjs.org/is-docker set size:23690 disposed:false
365 silly placeDep node_modules/is-inside-container is-docker@3.0.0 OK for: is-inside-container@1.0.0 want: ^3.0.0
366 silly placeDep ROOT argparse@2.0.1 OK for: js-yaml@4.2.0 want: ^2.0.1
367 silly placeDep ROOT parse-entities@4.0.2 OK for: mdast-util-mdx-jsx@3.2.0 want: ^4.0.0
368 silly fetch manifest @types/unist@^2.0.0
369 silly packumentCache full:https://registry.npmjs.org/@types%2funist cache-miss
370 silly fetch manifest character-reference-invalid@^2.0.0
371 silly packumentCache full:https://registry.npmjs.org/character-reference-invalid cache-miss
372 silly fetch manifest is-alphanumerical@^2.0.0
373 silly packumentCache full:https://registry.npmjs.org/is-alphanumerical cache-miss
374 silly fetch manifest is-decimal@^2.0.0
375 silly packumentCache full:https://registry.npmjs.org/is-decimal cache-miss
376 silly fetch manifest is-hexadecimal@^2.0.0
377 silly packumentCache full:https://registry.npmjs.org/is-hexadecimal cache-miss
378 http fetch GET 200 https://registry.npmjs.org/is-decimal 464ms (cache miss)
379 silly packumentCache full:https://registry.npmjs.org/is-decimal set size:undefined disposed:false
380 http fetch GET 200 https://registry.npmjs.org/@types%2funist 698ms (cache miss)
381 silly packumentCache full:https://registry.npmjs.org/@types%2funist set size:undefined disposed:false
382 http fetch GET 200 https://registry.npmjs.org/is-hexadecimal 737ms (cache miss)
383 silly packumentCache full:https://registry.npmjs.org/is-hexadecimal set size:undefined disposed:false
384 http fetch GET 200 https://registry.npmjs.org/is-alphanumerical 1364ms (cache miss)
385 silly packumentCache full:https://registry.npmjs.org/is-alphanumerical set size:undefined disposed:false
386 http fetch GET 200 https://registry.npmjs.org/character-reference-invalid 2993ms (cache miss)
387 silly packumentCache full:https://registry.npmjs.org/character-reference-invalid set size:undefined disposed:false
388 silly placeDep node_modules/parse-entities @types/unist@2.0.11 OK for: parse-entities@4.0.2 want: ^2.0.0
389 silly placeDep ROOT character-reference-invalid@2.0.1 OK for: parse-entities@4.0.2 want: ^2.0.0
390 silly placeDep ROOT is-alphanumerical@2.0.1 OK for: parse-entities@4.0.2 want: ^2.0.0
391 silly placeDep ROOT is-decimal@2.0.1 OK for: parse-entities@4.0.2 want: ^2.0.0
392 silly placeDep ROOT is-hexadecimal@2.0.1 OK for: parse-entities@4.0.2 want: ^2.0.0
393 silly fetch manifest is-alphabetical@^2.0.0
394 silly packumentCache full:https://registry.npmjs.org/is-alphabetical cache-miss
395 http fetch GET 200 https://registry.npmjs.org/is-alphabetical 274ms (cache miss)
396 silly packumentCache full:https://registry.npmjs.org/is-alphabetical set size:undefined disposed:false
397 silly placeDep ROOT is-alphabetical@2.0.1 OK for: is-alphanumerical@2.0.1 want: ^2.0.0
398 silly placeDep ROOT estree-util-build-jsx@3.0.1 OK for: recma-build-jsx@1.0.0 want: ^3.0.0
399 silly placeDep node_modules/estree-util-build-jsx estree-walker@3.0.3 OK for: estree-util-build-jsx@3.0.1 want: ^3.0.0
400 silly fetch manifest acorn@^6.0.0 || ^7.0.0 || ^8.0.0
401 silly packumentCache full:https://registry.npmjs.org/acorn cache-hit
402 silly placeDep ROOT acorn-jsx@5.3.2 OK for: recma-jsx@1.0.1 want: ^5.0.0
403 silly placeDep ROOT estree-util-to-js@2.0.0 OK for: recma-jsx@1.0.1 want: ^2.0.0
404 silly placeDep ROOT recma-parse@1.0.0 OK for: recma-jsx@1.0.1 want: ^1.0.0
405 silly fetch manifest astring@^1.8.0
406 silly packumentCache full:https://registry.npmjs.org/astring cache-miss
407 silly fetch manifest esast-util-from-js@^2.0.0
408 silly packumentCache full:https://registry.npmjs.org/esast-util-from-js cache-miss
409 http fetch GET 200 https://registry.npmjs.org/astring 715ms (cache miss)
410 silly packumentCache full:https://registry.npmjs.org/astring set size:undefined disposed:false
411 http fetch GET 200 https://registry.npmjs.org/esast-util-from-js 1090ms (cache miss)
412 silly packumentCache full:https://registry.npmjs.org/esast-util-from-js set size:undefined disposed:false
413 silly placeDep ROOT astring@1.9.0 OK for: estree-util-to-js@2.0.0 want: ^1.8.0
414 silly placeDep ROOT esast-util-from-js@2.0.1 OK for: recma-parse@1.0.0 want: ^2.0.0
415 silly fetch manifest esast-util-from-estree@^2.0.0
416 silly packumentCache full:https://registry.npmjs.org/esast-util-from-estree cache-miss
417 http fetch GET 200 https://registry.npmjs.org/esast-util-from-estree 535ms (cache miss)
418 silly packumentCache full:https://registry.npmjs.org/esast-util-from-estree set size:undefined disposed:false
419 silly placeDep ROOT esast-util-from-estree@2.0.0 OK for: esast-util-from-js@2.0.1 want: ^2.0.0
420 silly placeDep ROOT hast-util-to-estree@3.1.3 OK for: rehype-recma@1.0.0 want: ^3.0.0
421 silly fetch manifest estree-util-attach-comments@^3.0.0
422 silly packumentCache full:https://registry.npmjs.org/estree-util-attach-comments cache-miss
423 http fetch GET 200 https://registry.npmjs.org/estree-util-attach-comments 692ms (cache miss)
424 silly packumentCache full:https://registry.npmjs.org/estree-util-attach-comments set size:undefined disposed:false
425 silly placeDep ROOT estree-util-attach-comments@3.0.0 OK for: hast-util-to-estree@3.1.3 want: ^3.0.0
426 silly placeDep ROOT mdast-util-mdx@3.0.0 OK for: remark-mdx@3.1.1 want: ^3.0.0
427 silly placeDep ROOT micromark-extension-mdxjs@3.0.0 OK for: remark-mdx@3.1.1 want: ^3.0.0
428 silly fetch manifest micromark-extension-mdx-expression@^3.0.0
429 silly packumentCache full:https://registry.npmjs.org/micromark-extension-mdx-expression cache-miss
430 silly fetch manifest micromark-extension-mdx-jsx@^3.0.0
431 silly packumentCache full:https://registry.npmjs.org/micromark-extension-mdx-jsx cache-miss
432 silly fetch manifest micromark-extension-mdx-md@^2.0.0
433 silly packumentCache full:https://registry.npmjs.org/micromark-extension-mdx-md cache-miss
434 silly fetch manifest micromark-extension-mdxjs-esm@^3.0.0
435 silly packumentCache full:https://registry.npmjs.org/micromark-extension-mdxjs-esm cache-miss
436 http fetch GET 200 https://registry.npmjs.org/micromark-extension-mdx-jsx 384ms (cache miss)
437 silly packumentCache full:https://registry.npmjs.org/micromark-extension-mdx-jsx set size:undefined disposed:false
438 http fetch GET 200 https://registry.npmjs.org/micromark-extension-mdx-md 388ms (cache miss)
439 silly packumentCache full:https://registry.npmjs.org/micromark-extension-mdx-md set size:undefined disposed:false
440 http fetch GET 200 https://registry.npmjs.org/micromark-extension-mdxjs-esm 1541ms (cache miss)
441 silly packumentCache full:https://registry.npmjs.org/micromark-extension-mdxjs-esm set size:undefined disposed:false
442 http fetch GET 200 https://registry.npmjs.org/micromark-extension-mdx-expression 1655ms (cache miss)
443 silly packumentCache full:https://registry.npmjs.org/micromark-extension-mdx-expression set size:undefined disposed:false
444 silly placeDep ROOT micromark-extension-mdx-expression@3.0.1 OK for: micromark-extension-mdxjs@3.0.0 want: ^3.0.0
445 silly placeDep ROOT micromark-extension-mdx-jsx@3.0.2 OK for: micromark-extension-mdxjs@3.0.0 want: ^3.0.0
446 silly placeDep ROOT micromark-extension-mdx-md@2.0.0 OK for: micromark-extension-mdxjs@3.0.0 want: ^2.0.0
447 silly placeDep ROOT micromark-extension-mdxjs-esm@3.0.0 OK for: micromark-extension-mdxjs@3.0.0 want: ^3.0.0
448 silly fetch manifest micromark-factory-mdx-expression@^2.0.0
449 silly packumentCache full:https://registry.npmjs.org/micromark-factory-mdx-expression cache-miss
450 silly fetch manifest micromark-util-events-to-acorn@^2.0.0
451 silly packumentCache full:https://registry.npmjs.org/micromark-util-events-to-acorn cache-miss
452 silly fetch manifest micromark-factory-mdx-expression@^2.0.0
453 silly packumentCache full:https://registry.npmjs.org/micromark-factory-mdx-expression cache-miss
454 silly fetch manifest micromark-util-events-to-acorn@^2.0.0
455 silly packumentCache full:https://registry.npmjs.org/micromark-util-events-to-acorn cache-miss
456 silly fetch manifest micromark-util-events-to-acorn@^2.0.0
457 silly packumentCache full:https://registry.npmjs.org/micromark-util-events-to-acorn cache-miss
458 http fetch GET 200 https://registry.npmjs.org/micromark-factory-mdx-expression 373ms (cache miss)
459 silly packumentCache full:https://registry.npmjs.org/micromark-factory-mdx-expression set size:undefined disposed:false
460 http fetch GET 200 https://registry.npmjs.org/micromark-util-events-to-acorn 662ms (cache miss)
461 silly packumentCache full:https://registry.npmjs.org/micromark-util-events-to-acorn set size:undefined disposed:false
462 http fetch GET 200 https://registry.npmjs.org/micromark-util-events-to-acorn 664ms (cache miss)
463 silly packumentCache full:https://registry.npmjs.org/micromark-util-events-to-acorn set size:undefined disposed:false
464 http fetch GET 200 https://registry.npmjs.org/micromark-util-events-to-acorn 663ms (cache miss)
465 silly packumentCache full:https://registry.npmjs.org/micromark-util-events-to-acorn set size:undefined disposed:false
466 http fetch GET 200 https://registry.npmjs.org/micromark-factory-mdx-expression 2983ms (cache miss)
467 silly packumentCache full:https://registry.npmjs.org/micromark-factory-mdx-expression set size:undefined disposed:false
468 silly placeDep ROOT micromark-factory-mdx-expression@2.0.3 OK for: micromark-extension-mdx-expression@3.0.1 want: ^2.0.0
469 silly placeDep ROOT micromark-util-events-to-acorn@2.0.3 OK for: micromark-extension-mdx-expression@3.0.1 want: ^2.0.0
470 silly placeDep ROOT @shikijs/core@4.2.0 OK for: shiki@4.2.0 want: 4.2.0
471 silly placeDep ROOT @shikijs/engine-javascript@4.2.0 OK for: shiki@4.2.0 want: 4.2.0
472 silly placeDep ROOT @shikijs/engine-oniguruma@4.2.0 OK for: shiki@4.2.0 want: 4.2.0
473 silly placeDep ROOT @shikijs/langs@4.2.0 OK for: shiki@4.2.0 want: 4.2.0
474 silly placeDep ROOT @shikijs/themes@4.2.0 OK for: shiki@4.2.0 want: 4.2.0
475 silly placeDep ROOT @shikijs/types@4.2.0 OK for: shiki@4.2.0 want: 4.2.0
476 silly placeDep ROOT @shikijs/vscode-textmate@10.0.2 OK for: shiki@4.2.0 want: ^10.0.2
477 silly fetch manifest @shikijs/primitive@4.2.0
478 silly packumentCache full:https://registry.npmjs.org/@shikijs%2fprimitive cache-miss
479 silly fetch manifest oniguruma-to-es@^4.3.6
480 silly packumentCache full:https://registry.npmjs.org/oniguruma-to-es cache-miss
481 http fetch GET 200 https://registry.npmjs.org/@shikijs%2fprimitive 271ms (cache miss)
482 silly packumentCache full:https://registry.npmjs.org/@shikijs%2fprimitive set size:undefined disposed:false
483 http fetch GET 200 https://registry.npmjs.org/oniguruma-to-es 1302ms (cache miss)
484 silly packumentCache full:https://registry.npmjs.org/oniguruma-to-es set size:undefined disposed:false
485 silly placeDep ROOT @shikijs/primitive@4.2.0 OK for: @shikijs/core@4.2.0 want: 4.2.0
486 silly placeDep ROOT oniguruma-to-es@4.3.6 OK for: @shikijs/engine-javascript@4.2.0 want: ^4.3.6
487 silly fetch manifest oniguruma-parser@^0.12.2
488 silly packumentCache full:https://registry.npmjs.org/oniguruma-parser cache-miss
489 silly fetch manifest regex@^6.1.0
490 silly packumentCache full:https://registry.npmjs.org/regex cache-miss
491 silly fetch manifest regex-recursion@^6.0.2
492 silly packumentCache full:https://registry.npmjs.org/regex-recursion cache-miss
493 http fetch GET 200 https://registry.npmjs.org/regex-recursion 304ms (cache miss)
494 silly packumentCache full:https://registry.npmjs.org/regex-recursion set size:undefined disposed:false
495 http fetch GET 200 https://registry.npmjs.org/oniguruma-parser 618ms (cache miss)
496 silly packumentCache full:https://registry.npmjs.org/oniguruma-parser set size:undefined disposed:false
497 http fetch GET 200 https://registry.npmjs.org/regex 918ms (cache miss)
498 silly packumentCache full:https://registry.npmjs.org/regex set size:undefined disposed:false
499 silly placeDep ROOT oniguruma-parser@0.12.2 OK for: oniguruma-to-es@4.3.6 want: ^0.12.2
500 silly placeDep ROOT regex@6.1.0 OK for: oniguruma-to-es@4.3.6 want: ^6.1.0
501 silly placeDep ROOT regex-recursion@6.0.2 OK for: oniguruma-to-es@4.3.6 want: ^6.0.2
502 silly fetch manifest regex-utilities@^2.3.0
503 silly packumentCache full:https://registry.npmjs.org/regex-utilities cache-miss
504 silly fetch manifest regex-utilities@^2.3.0
505 silly packumentCache full:https://registry.npmjs.org/regex-utilities cache-miss
506 http fetch GET 200 https://registry.npmjs.org/regex-utilities 583ms (cache miss)
507 silly packumentCache full:https://registry.npmjs.org/regex-utilities set size:undefined disposed:false
508 http fetch GET 200 https://registry.npmjs.org/regex-utilities 617ms (cache miss)
509 silly packumentCache full:https://registry.npmjs.org/regex-utilities set size:undefined disposed:false
510 silly placeDep ROOT regex-utilities@2.3.0 OK for: regex@6.1.0 want: ^2.3.0
511 silly placeDep ROOT style-to-object@1.0.14 OK for: style-to-js@1.1.21 want: 1.0.14
512 silly fetch manifest inline-style-parser@0.2.7
513 silly packumentCache full:https://registry.npmjs.org/inline-style-parser cache-miss
514 http fetch GET 200 https://registry.npmjs.org/inline-style-parser 274ms (cache miss)
515 silly packumentCache full:https://registry.npmjs.org/inline-style-parser set size:undefined disposed:false
516 silly placeDep ROOT inline-style-parser@0.2.7 OK for: style-to-object@1.0.14 want: 0.2.7
517 silly reify mark retired [
517 silly reify   'D:\\Projects\\reverx-wiki\\node_modules\\astro',
517 silly reify   'D:\\Projects\\reverx-wiki\\node_modules\\.bin\\astro',
517 silly reify   'D:\\Projects\\reverx-wiki\\node_modules\\.bin\\astro.cmd',
517 silly reify   'D:\\Projects\\reverx-wiki\\node_modules\\.bin\\astro.ps1'
517 silly reify ]
518 silly reify mark retired [ 'D:\\Projects\\reverx-wiki\\node_modules\\devalue' ]
519 silly reify mark retired [ 'D:\\Projects\\reverx-wiki\\node_modules\\dlv' ]
520 silly reify mark retired [
520 silly reify   'D:\\Projects\\reverx-wiki\\node_modules\\js-yaml',
520 silly reify   'D:\\Projects\\reverx-wiki\\node_modules\\.bin\\js-yaml',
520 silly reify   'D:\\Projects\\reverx-wiki\\node_modules\\.bin\\js-yaml.cmd',
520 silly reify   'D:\\Projects\\reverx-wiki\\node_modules\\.bin\\js-yaml.ps1'
520 silly reify ]
521 silly reify mark retired [ 'D:\\Projects\\reverx-wiki\\node_modules\\shiki' ]
522 silly reify mark retired [
522 silly reify   'D:\\Projects\\reverx-wiki\\node_modules\\tsconfck',
522 silly reify   'D:\\Projects\\reverx-wiki\\node_modules\\.bin\\tsconfck',
522 silly reify   'D:\\Projects\\reverx-wiki\\node_modules\\.bin\\tsconfck.cmd',
522 silly reify   'D:\\Projects\\reverx-wiki\\node_modules\\.bin\\tsconfck.ps1'
522 silly reify ]
523 silly reify mark retired [
523 silly reify   'D:\\Projects\\reverx-wiki\\node_modules\\@astrojs\\internal-helpers'
523 silly reify ]
524 silly reify mark retired [
524 silly reify   'D:\\Projects\\reverx-wiki\\node_modules\\@astrojs\\markdown-remark'
524 silly reify ]
525 silly reify mark retired [ 'D:\\Projects\\reverx-wiki\\node_modules\\@astrojs\\prism' ]
526 silly reify mark retired [ 'D:\\Projects\\reverx-wiki\\node_modules\\@astrojs\\telemetry' ]
527 silly reify mark retired [ 'D:\\Projects\\reverx-wiki\\node_modules\\@shikijs\\core' ]
528 silly reify mark retired [
528 silly reify   'D:\\Projects\\reverx-wiki\\node_modules\\@shikijs\\engine-oniguruma'
528 silly reify ]
529 silly reify mark retired [ 'D:\\Projects\\reverx-wiki\\node_modules\\@shikijs\\themes' ]
530 silly reify mark retired [ 'D:\\Projects\\reverx-wiki\\node_modules\\@shikijs\\langs' ]
531 silly reify mark retired [ 'D:\\Projects\\reverx-wiki\\node_modules\\@shikijs\\primitive' ]
532 silly reify mark retired [
532 silly reify   'D:\\Projects\\reverx-wiki\\node_modules\\@shikijs\\engine-javascript'
532 silly reify ]
533 silly reify mark retired [ 'D:\\Projects\\reverx-wiki\\node_modules\\@shikijs\\types' ]
534 silly reify moves {
534 silly reify   'D:\\Projects\\reverx-wiki\\node_modules\\astro': 'D:\\Projects\\reverx-wiki\\node_modules\\.astro-W2hgMfis',
534 silly reify   'D:\\Projects\\reverx-wiki\\node_modules\\.bin\\astro': 'D:\\Projects\\reverx-wiki\\node_modules\\.bin\\.astro-XRgg5NuI',
534 silly reify   'D:\\Projects\\reverx-wiki\\node_modules\\.bin\\astro.cmd': 'D:\\Projects\\reverx-wiki\\node_modules\\.bin\\.astro.cmd-m8iKaixL',
534 silly reify   'D:\\Projects\\reverx-wiki\\node_modules\\.bin\\astro.ps1': 'D:\\Projects\\reverx-wiki\\node_modules\\.bin\\.astro.ps1-AjcYSW2P',
534 silly reify   'D:\\Projects\\reverx-wiki\\node_modules\\devalue': 'D:\\Projects\\reverx-wiki\\node_modules\\.devalue-5YkhJV4d',
534 silly reify   'D:\\Projects\\reverx-wiki\\node_modules\\dlv': 'D:\\Projects\\reverx-wiki\\node_modules\\.dlv-DXYW8xGb',
534 silly reify   'D:\\Projects\\reverx-wiki\\node_modules\\js-yaml': 'D:\\Projects\\reverx-wiki\\node_modules\\.js-yaml-XdqY3Wli',
534 silly reify   'D:\\Projects\\reverx-wiki\\node_modules\\.bin\\js-yaml': 'D:\\Projects\\reverx-wiki\\node_modules\\.bin\\.js-yaml-0kROxBUU',
534 silly reify   'D:\\Projects\\reverx-wiki\\node_modules\\.bin\\js-yaml.cmd': 'D:\\Projects\\reverx-wiki\\node_modules\\.bin\\.js-yaml.cmd-A2NCX1pO',
534 silly reify   'D:\\Projects\\reverx-wiki\\node_modules\\.bin\\js-yaml.ps1': 'D:\\Projects\\reverx-wiki\\node_modules\\.bin\\.js-yaml.ps1-FQmokADE',
534 silly reify   'D:\\Projects\\reverx-wiki\\node_modules\\shiki': 'D:\\Projects\\reverx-wiki\\node_modules\\.shiki-ula1d4Y7',
534 silly reify   'D:\\Projects\\reverx-wiki\\node_modules\\tsconfck': 'D:\\Projects\\reverx-wiki\\node_modules\\.tsconfck-HMtMShVE',
534 silly reify   'D:\\Projects\\reverx-wiki\\node_modules\\.bin\\tsconfck': 'D:\\Projects\\reverx-wiki\\node_modules\\.bin\\.tsconfck-yfufLfHq',
534 silly reify   'D:\\Projects\\reverx-wiki\\node_modules\\.bin\\tsconfck.cmd': 'D:\\Projects\\reverx-wiki\\node_modules\\.bin\\.tsconfck.cmd-lS6vuDRc',
534 silly reify   'D:\\Projects\\reverx-wiki\\node_modules\\.bin\\tsconfck.ps1': 'D:\\Projects\\reverx-wiki\\node_modules\\.bin\\.tsconfck.ps1-yf2uYs0N',
534 silly reify   'D:\\Projects\\reverx-wiki\\node_modules\\@astrojs\\internal-helpers': 'D:\\Projects\\reverx-wiki\\node_modules\\@astrojs\\.internal-helpers-U5mB6Hsr',
534 silly reify   'D:\\Projects\\reverx-wiki\\node_modules\\@astrojs\\markdown-remark': 'D:\\Projects\\reverx-wiki\\node_modules\\@astrojs\\.markdown-remark-CScOPrMy',
534 silly reify   'D:\\Projects\\reverx-wiki\\node_modules\\@astrojs\\prism': 'D:\\Projects\\reverx-wiki\\node_modules\\@astrojs\\.prism-J0I3q1Ox',
534 silly reify   'D:\\Projects\\reverx-wiki\\node_modules\\@astrojs\\telemetry': 'D:\\Projects\\reverx-wiki\\node_modules\\@astrojs\\.telemetry-r4OKURSl',
534 silly reify   'D:\\Projects\\reverx-wiki\\node_modules\\@shikijs\\core': 'D:\\Projects\\reverx-wiki\\node_modules\\@shikijs\\.core-rKtgiD6R',
534 silly reify   'D:\\Projects\\reverx-wiki\\node_modules\\@shikijs\\engine-oniguruma': 'D:\\Projects\\reverx-wiki\\node_modules\\@shikijs\\.engine-oniguruma-hqNC0awx',
534 silly reify   'D:\\Projects\\reverx-wiki\\node_modules\\@shikijs\\themes': 'D:\\Projects\\reverx-wiki\\node_modules\\@shikijs\\.themes-DAO9rNSc',
534 silly reify   'D:\\Projects\\reverx-wiki\\node_modules\\@shikijs\\langs': 'D:\\Projects\\reverx-wiki\\node_modules\\@shikijs\\.langs-g4mXwV3B',
534 silly reify   'D:\\Projects\\reverx-wiki\\node_modules\\@shikijs\\primitive': 'D:\\Projects\\reverx-wiki\\node_modules\\@shikijs\\.primitive-ZnnlTuL9',
534 silly reify   'D:\\Projects\\reverx-wiki\\node_modules\\@shikijs\\engine-javascript': 'D:\\Projects\\reverx-wiki\\node_modules\\@shikijs\\.engine-javascript-leMm3jCV',
534 silly reify   'D:\\Projects\\reverx-wiki\\node_modules\\@shikijs\\types': 'D:\\Projects\\reverx-wiki\\node_modules\\@shikijs\\.types-8W7FAFlq'
534 silly reify }
535 silly audit bulk request {
535 silly audit   '@astrojs/compiler': [ '4.0.0' ],
535 silly audit   '@babel/helper-string-parser': [ '7.27.1' ],
535 silly audit   '@babel/helper-validator-identifier': [ '7.28.5' ],
535 silly audit   '@babel/parser': [ '7.29.2' ],
535 silly audit   '@babel/types': [ '7.29.0' ],
535 silly audit   '@capsizecss/unpack': [ '4.0.0' ],
535 silly audit   '@clack/core': [ '1.3.0' ],
535 silly audit   '@clack/prompts': [ '1.3.0' ],
535 silly audit   '@emnapi/runtime': [ '1.10.0' ],
535 silly audit   '@esbuild/aix-ppc64': [ '0.27.7' ],
535 silly audit   '@esbuild/android-arm': [ '0.27.7' ],
535 silly audit   '@esbuild/android-arm64': [ '0.27.7' ],
535 silly audit   '@esbuild/android-x64': [ '0.27.7' ],
535 silly audit   '@esbuild/darwin-arm64': [ '0.27.7' ],
535 silly audit   '@esbuild/darwin-x64': [ '0.27.7' ],
535 silly audit   '@esbuild/freebsd-arm64': [ '0.27.7' ],
535 silly audit   '@esbuild/freebsd-x64': [ '0.27.7' ],
535 silly audit   '@esbuild/linux-arm': [ '0.27.7' ],
535 silly audit   '@esbuild/linux-arm64': [ '0.27.7' ],
535 silly audit   '@esbuild/linux-ia32': [ '0.27.7' ],
535 silly audit   '@esbuild/linux-loong64': [ '0.27.7' ],
535 silly audit   '@esbuild/linux-mips64el': [ '0.27.7' ],
535 silly audit   '@esbuild/linux-ppc64': [ '0.27.7' ],
535 silly audit   '@esbuild/linux-riscv64': [ '0.27.7' ],
535 silly audit   '@esbuild/linux-s390x': [ '0.27.7' ],
535 silly audit   '@esbuild/linux-x64': [ '0.27.7' ],
535 silly audit   '@esbuild/netbsd-arm64': [ '0.27.7' ],
535 silly audit   '@esbuild/netbsd-x64': [ '0.27.7' ],
535 silly audit   '@esbuild/openbsd-arm64': [ '0.27.7' ],
535 silly audit   '@esbuild/openbsd-x64': [ '0.27.7' ],
535 silly audit   '@esbuild/openharmony-arm64': [ '0.27.7' ],
535 silly audit   '@esbuild/sunos-x64': [ '0.27.7' ],
535 silly audit   '@esbuild/win32-arm64': [ '0.27.7' ],
535 silly audit   '@esbuild/win32-ia32': [ '0.27.7' ],
535 silly audit   '@esbuild/win32-x64': [ '0.27.7' ],
535 silly audit   '@img/colour': [ '1.1.0' ],
535 silly audit   '@img/sharp-darwin-arm64': [ '0.34.5' ],
535 silly audit   '@img/sharp-darwin-x64': [ '0.34.5' ],
535 silly audit   '@img/sharp-libvips-darwin-arm64': [ '1.2.4' ],
535 silly audit   '@img/sharp-libvips-darwin-x64': [ '1.2.4' ],
535 silly audit   '@img/sharp-libvips-linux-arm': [ '1.2.4' ],
535 silly audit   '@img/sharp-libvips-linux-arm64': [ '1.2.4' ],
535 silly audit   '@img/sharp-libvips-linux-ppc64': [ '1.2.4' ],
535 silly audit   '@img/sharp-libvips-linux-riscv64': [ '1.2.4' ],
535 silly audit   '@img/sharp-libvips-linux-s390x': [ '1.2.4' ],
535 silly audit   '@img/sharp-libvips-linux-x64': [ '1.2.4' ],
535 silly audit   '@img/sharp-libvips-linuxmusl-arm64': [ '1.2.4' ],
535 silly audit   '@img/sharp-libvips-linuxmusl-x64': [ '1.2.4' ],
535 silly audit   '@img/sharp-linux-arm': [ '0.34.5' ],
535 silly audit   '@img/sharp-linux-arm64': [ '0.34.5' ],
535 silly audit   '@img/sharp-linux-ppc64': [ '0.34.5' ],
535 silly audit   '@img/sharp-linux-riscv64': [ '0.34.5' ],
535 silly audit   '@img/sharp-linux-s390x': [ '0.34.5' ],
535 silly audit   '@img/sharp-linux-x64': [ '0.34.5' ],
535 silly audit   '@img/sharp-linuxmusl-arm64': [ '0.34.5' ],
535 silly audit   '@img/sharp-linuxmusl-x64': [ '0.34.5' ],
535 silly audit   '@img/sharp-wasm32': [ '0.34.5' ],
535 silly audit   '@img/sharp-win32-arm64': [ '0.34.5' ],
535 silly audit   '@img/sharp-win32-ia32': [ '0.34.5' ],
535 silly audit   '@img/sharp-win32-x64': [ '0.34.5' ],
535 silly audit   '@jridgewell/sourcemap-codec': [ '1.5.5' ],
535 silly audit   '@oslojs/encoding': [ '1.1.0' ],
535 silly audit   '@rollup/pluginutils': [ '5.3.0' ],
535 silly audit   '@rollup/rollup-android-arm-eabi': [ '4.60.2' ],
535 silly audit   '@rollup/rollup-android-arm64': [ '4.60.2' ],
535 silly audit   '@rollup/rollup-darwin-arm64': [ '4.60.2' ],
535 silly audit   '@rollup/rollup-darwin-x64': [ '4.60.2' ],
535 silly audit   '@rollup/rollup-freebsd-arm64': [ '4.60.2' ],
535 silly audit   '@rollup/rollup-freebsd-x64': [ '4.60.2' ],
535 silly audit   '@rollup/rollup-linux-arm-gnueabihf': [ '4.60.2' ],
535 silly audit   '@rollup/rollup-linux-arm-musleabihf': [ '4.60.2' ],
535 silly audit   '@rollup/rollup-linux-arm64-gnu': [ '4.60.2' ],
535 silly audit   '@rollup/rollup-linux-arm64-musl': [ '4.60.2' ],
535 silly audit   '@rollup/rollup-linux-loong64-gnu': [ '4.60.2' ],
535 silly audit   '@rollup/rollup-linux-loong64-musl': [ '4.60.2' ],
535 silly audit   '@rollup/rollup-linux-ppc64-gnu': [ '4.60.2' ],
535 silly audit   '@rollup/rollup-linux-ppc64-musl': [ '4.60.2' ],
535 silly audit   '@rollup/rollup-linux-riscv64-gnu': [ '4.60.2' ],
535 silly audit   '@rollup/rollup-linux-riscv64-musl': [ '4.60.2' ],
535 silly audit   '@rollup/rollup-linux-s390x-gnu': [ '4.60.2' ],
535 silly audit   '@rollup/rollup-linux-x64-gnu': [ '4.60.2' ],
535 silly audit   '@rollup/rollup-linux-x64-musl': [ '4.60.2' ],
535 silly audit   '@rollup/rollup-openbsd-x64': [ '4.60.2' ],
535 silly audit   '@rollup/rollup-openharmony-arm64': [ '4.60.2' ],
535 silly audit   '@rollup/rollup-win32-arm64-msvc': [ '4.60.2' ],
535 silly audit   '@rollup/rollup-win32-ia32-msvc': [ '4.60.2' ],
535 silly audit   '@rollup/rollup-win32-x64-gnu': [ '4.60.2' ],
535 silly audit   '@rollup/rollup-win32-x64-msvc': [ '4.60.2' ],
535 silly audit   '@types/debug': [ '4.1.13' ],
535 silly audit   '@types/estree': [ '1.0.8' ],
535 silly audit   '@types/hast': [ '3.0.4' ],
535 silly audit   '@types/mdast': [ '4.0.4' ],
535 silly audit   '@types/ms': [ '2.1.0' ],
535 silly audit   '@types/nlcst': [ '2.0.3' ],
535 silly audit   '@types/unist': [ '3.0.3', '2.0.11' ],
535 silly audit   '@ungap/structured-clone': [ '1.3.0' ],
535 silly audit   anymatch: [ '3.1.3' ],
535 silly audit   picomatch: [ '2.3.2', '4.0.4' ],
535 silly audit   'aria-query': [ '5.3.2' ],
535 silly audit   'array-iterate': [ '2.0.1' ],
535 silly audit   'axobject-query': [ '4.1.0' ],
535 silly audit   bail: [ '2.0.2' ],
535 silly audit   boolbase: [ '1.0.0' ],
535 silly audit   ccount: [ '2.0.1' ],
535 silly audit   'character-entities': [ '2.0.2' ],
535 silly audit   'character-entities-html4': [ '2.1.0' ],
535 silly audit   'character-entities-legacy': [ '3.0.0' ],
535 silly audit   chokidar: [ '5.0.0' ],
535 silly audit   clsx: [ '2.1.1' ],
535 silly audit   'comma-separated-tokens': [ '2.0.3' ],
535 silly audit   commander: [ '11.1.0' ],
535 silly audit   'common-ancestor-path': [ '2.0.0' ],
535 silly audit   cookie: [ '1.1.1' ],
535 silly audit   'cookie-es': [ '1.2.3' ],
535 silly audit   crossws: [ '0.3.5' ],
535 silly audit   'css-select': [ '5.2.2' ],
535 silly audit   'css-tree': [ '3.2.1', '2.2.1' ],
535 silly audit   'css-what': [ '6.2.2' ],
535 silly audit   csso: [ '5.0.5' ],
535 silly audit   'mdn-data': [ '2.0.28', '2.27.1' ],
535 silly audit   debug: [ '4.4.3' ],
535 silly audit   'decode-named-character-reference': [ '1.3.0' ],
535 silly audit   defu: [ '6.1.7' ],
535 silly audit   dequal: [ '2.0.3' ],
535 silly audit   destr: [ '2.0.5' ],
535 silly audit   'detect-libc': [ '2.1.2' ],
535 silly audit   devlop: [ '1.1.0' ],
535 silly audit   diff: [ '8.0.4' ],
535 silly audit   'dom-serializer': [ '2.0.0' ],
535 silly audit   entities: [ '4.5.0', '6.0.1' ],
535 silly audit   domelementtype: [ '2.3.0' ],
535 silly audit   domhandler: [ '5.0.3' ],
535 silly audit   domutils: [ '3.2.2' ],
535 silly audit   'es-module-lexer': [ '2.1.0' ],
535 silly audit   esbuild: [ '0.27.7' ],
535 silly audit   'escape-string-regexp': [ '5.0.0' ],
535 silly audit   'estree-walker': [ '2.0.2', '3.0.3' ],
535 silly audit   eventemitter3: [ '5.0.4' ],
535 silly audit   extend: [ '3.0.2' ],
535 silly audit   'fast-string-truncated-width': [ '3.0.3' ],
535 silly audit   'fast-string-width': [ '3.0.2' ],
535 silly audit   'fast-wrap-ansi': [ '0.2.0' ],
535 silly audit   fdir: [ '6.5.0' ],
535 silly audit   flattie: [ '1.1.1' ],
535 silly audit   fontace: [ '0.4.1' ],
535 silly audit   fontkitten: [ '1.0.3' ],
535 silly audit   fsevents: [ '2.3.3' ],
535 silly audit   h3: [ '1.15.11' ],
535 silly audit   'hast-util-from-html': [ '2.0.3' ],
535 silly audit   'hast-util-from-parse5': [ '8.0.3' ],
535 silly audit   'hast-util-parse-selector': [ '4.0.0' ],
535 silly audit   'hast-util-raw': [ '9.1.0' ],
535 silly audit   'hast-util-to-html': [ '9.0.5' ],
535 silly audit   'hast-util-to-parse5': [ '8.0.1' ],
535 silly audit   'hast-util-whitespace': [ '3.0.0' ],
535 silly audit   hastscript: [ '9.0.1' ],
535 silly audit   'html-escaper': [ '3.0.3' ],
535 silly audit   'html-void-elements': [ '3.0.0' ],
535 silly audit   'http-cache-semantics': [ '4.2.0' ],
535 silly audit   'iron-webcrypto': [ '1.2.1' ],
535 silly audit   'is-plain-obj': [ '4.1.0' ],
535 silly audit   'longest-streak': [ '3.1.0' ],
535 silly audit   'lru-cache': [ '11.3.5' ],
535 silly audit   'magic-string': [ '0.30.21' ],
535 silly audit   magicast: [ '0.5.2' ],
535 silly audit   'markdown-table': [ '3.0.4' ],
535 silly audit   'mdast-util-find-and-replace': [ '3.0.2' ],
535 silly audit   'mdast-util-from-markdown': [ '2.0.3' ],
535 silly audit   'mdast-util-gfm': [ '3.1.0' ],
535 silly audit   'mdast-util-gfm-autolink-literal': [ '2.0.1' ],
535 silly audit   'mdast-util-gfm-footnote': [ '2.1.0' ],
535 silly audit   'mdast-util-gfm-strikethrough': [ '2.0.0' ],
535 silly audit   'mdast-util-gfm-table': [ '2.0.0' ],
535 silly audit   'mdast-util-gfm-task-list-item': [ '2.0.0' ],
535 silly audit   'mdast-util-phrasing': [ '4.1.0' ],
535 silly audit   'mdast-util-to-hast': [ '13.2.1' ],
535 silly audit   'mdast-util-to-markdown': [ '2.1.2' ],
535 silly audit   'mdast-util-to-string': [ '4.0.0' ],
535 silly audit   micromark: [ '4.0.2' ],
535 silly audit   'micromark-core-commonmark': [ '2.0.3' ],
535 silly audit   'micromark-extension-gfm': [ '3.0.0' ],
535 silly audit   'micromark-extension-gfm-autolink-literal': [ '2.1.0' ],
535 silly audit   'micromark-extension-gfm-footnote': [ '2.1.0' ],
535 silly audit   'micromark-extension-gfm-strikethrough': [ '2.1.0' ],
535 silly audit   'micromark-extension-gfm-table': [ '2.1.1' ],
535 silly audit   'micromark-extension-gfm-tagfilter': [ '2.0.0' ],
535 silly audit   'micromark-extension-gfm-task-list-item': [ '2.1.0' ],
535 silly audit   'micromark-factory-destination': [ '2.0.1' ],
535 silly audit   'micromark-factory-label': [ '2.0.1' ],
535 silly audit   'micromark-factory-space': [ '2.0.1' ],
535 silly audit   'micromark-factory-title': [ '2.0.1' ],
535 silly audit   'micromark-factory-whitespace': [ '2.0.1' ],
535 silly audit   'micromark-util-character': [ '2.1.1' ],
535 silly audit   'micromark-util-chunked': [ '2.0.1' ],
535 silly audit   'micromark-util-classify-character': [ '2.0.1' ],
535 silly audit   'micromark-util-combine-extensions': [ '2.0.1' ],
535 silly audit   'micromark-util-decode-numeric-character-reference': [ '2.0.2' ],
535 silly audit   'micromark-util-decode-string': [ '2.0.1' ],
535 silly audit   'micromark-util-encode': [ '2.0.1' ],
535 silly audit   'micromark-util-html-tag-name': [ '2.0.1' ],
535 silly audit   'micromark-util-normalize-identifier': [ '2.0.1' ],
535 silly audit   'micromark-util-resolve-all': [ '2.0.1' ],
535 silly audit   'micromark-util-sanitize-uri': [ '2.0.1' ],
535 silly audit   'micromark-util-subtokenize': [ '2.1.0' ],
535 silly audit   'micromark-util-symbol': [ '2.0.1' ],
535 silly audit   'micromark-util-types': [ '2.0.2' ],
535 silly audit   mrmime: [ '2.0.1' ],
535 silly audit   ms: [ '2.1.3' ],
535 silly audit   nanoid: [ '3.3.11' ],
535 silly audit   neotraverse: [ '0.6.18' ],
535 silly audit   'nlcst-to-string': [ '4.0.0' ],
535 silly audit   'node-fetch-native': [ '1.6.7' ],
535 silly audit   'node-mock-http': [ '1.0.4' ],
535 silly audit   'normalize-path': [ '3.0.0' ],
535 silly audit   'nth-check': [ '2.1.1' ],
535 silly audit   obug: [ '2.1.1' ],
535 silly audit   ofetch: [ '1.5.1' ],
535 silly audit   ohash: [ '2.0.11' ],
535 silly audit   'p-limit': [ '7.3.0' ],
535 silly audit   'p-queue': [ '9.2.0' ],
535 silly audit   'p-timeout': [ '7.0.1' ],
535 silly audit   'package-manager-detector': [ '1.6.0' ],
535 silly audit   'parse-latin': [ '7.0.0' ],
535 silly audit   parse5: [ '7.3.0' ],
535 silly audit   piccolore: [ '0.1.3' ],
535 silly audit   picocolors: [ '1.1.1' ],
535 silly audit   postcss: [ '8.5.12' ],
535 silly audit   'property-information': [ '7.1.0' ],
535 silly audit   radix3: [ '1.1.2' ],
535 silly audit   readdirp: [ '5.0.0' ],
535 silly audit   rehype: [ '13.0.2' ],
535 silly audit   'rehype-parse': [ '9.0.1' ],
535 silly audit   'rehype-raw': [ '7.0.0' ],
535 silly audit   'rehype-stringify': [ '10.0.1' ],
535 silly audit   'remark-gfm': [ '4.0.1' ],
535 silly audit   'remark-parse': [ '11.0.0' ],
535 silly audit   'remark-smartypants': [ '3.0.2' ],
535 silly audit   'remark-stringify': [ '11.0.0' ],
535 silly audit   retext: [ '9.0.0' ],
535 silly audit   'retext-latin': [ '4.0.0' ],
535 silly audit   'retext-smartypants': [ '6.2.0' ],
535 silly audit   'retext-stringify': [ '4.0.0' ],
535 silly audit   rollup: [ '4.60.2' ],
535 silly audit   sax: [ '1.6.0' ],
535 silly audit   semver: [ '7.7.4' ],
535 silly audit   sharp: [ '0.34.5' ],
535 silly audit   sisteransi: [ '1.0.5' ],
535 silly audit   'source-map-js': [ '1.2.1' ],
535 silly audit   'space-separated-tokens': [ '2.0.2' ],
535 silly audit   'stringify-entities': [ '4.0.4' ],
535 silly audit   svgo: [ '4.0.1' ],
535 silly audit   'tiny-inflate': [ '1.0.3' ],
535 silly audit   tinyclip: [ '0.1.12' ],
535 silly audit   tinyexec: [ '1.1.2' ],
535 silly audit   tinyglobby: [ '0.2.16' ],
535 silly audit   'trim-lines': [ '3.0.1' ],
535 silly audit   trough: [ '2.2.0' ],
535 silly audit   tslib: [ '2.8.1' ],
535 silly audit   ufo: [ '1.6.4' ],
535 silly audit   ultrahtml: [ '1.6.0' ],
535 silly audit   uncrypto: [ '0.1.3' ],
535 silly audit   unified: [ '11.0.5' ],
535 silly audit   unifont: [ '0.7.4' ],
535 silly audit   'unist-util-is': [ '6.0.1' ],
535 silly audit   'unist-util-modify-children': [ '4.0.0' ],
535 silly audit   'unist-util-position': [ '5.0.0' ],
535 silly audit   'unist-util-stringify-position': [ '4.0.0' ],
535 silly audit   'unist-util-visit': [ '5.1.0' ],
535 silly audit   'unist-util-visit-children': [ '3.0.0' ],
535 silly audit   'unist-util-visit-parents': [ '6.0.2' ],
535 silly audit   unstorage: [ '1.17.5' ],
535 silly audit   vfile: [ '6.0.3' ],
535 silly audit   'vfile-location': [ '5.0.3' ],
535 silly audit   'vfile-message': [ '4.0.3' ],
535 silly audit   vite: [ '7.3.2' ],
535 silly audit   vitefu: [ '1.1.3' ],
535 silly audit   'web-namespaces': [ '2.0.1' ],
535 silly audit   'xxhash-wasm': [ '1.1.0' ],
535 silly audit   'yargs-parser': [ '22.0.0' ],
535 silly audit   'yocto-queue': [ '1.2.2' ],
535 silly audit   zod: [ '4.4.1' ],
535 silly audit   zwitch: [ '2.0.4' ],
535 silly audit   '@astrojs/mdx': [ '6.0.3' ],
535 silly audit   astro: [ '6.4.6' ],
535 silly audit   '@astrojs/internal-helpers': [ '0.10.0' ],
535 silly audit   '@astrojs/markdown-remark': [ '7.2.0' ],
535 silly audit   '@mdx-js/mdx': [ '3.1.1' ],
535 silly audit   acorn: [ '8.17.0' ],
535 silly audit   'estree-util-visit': [ '2.0.0' ],
535 silly audit   'source-map': [ '0.7.6' ],
535 silly audit   'js-yaml': [ '4.2.0' ],
535 silly audit   shiki: [ '4.2.0' ],
535 silly audit   'smol-toml': [ '1.6.1' ],
535 silly audit   '@astrojs/prism': [ '4.0.2' ],
535 silly audit   'github-slugger': [ '2.0.0' ],
535 silly audit   'hast-util-to-text': [ '4.0.2' ],
535 silly audit   'mdast-util-definitions': [ '6.0.0' ],
535 silly audit   'remark-rehype': [ '11.1.2' ],
535 silly audit   'unist-util-remove-position': [ '5.0.0' ],
535 silly audit   prismjs: [ '1.30.0' ],
535 silly audit   '@types/estree-jsx': [ '1.0.5' ],
535 silly audit   '@types/mdx': [ '2.0.14' ],
535 silly audit   'collapse-white-space': [ '2.1.0' ],
535 silly audit   'estree-util-is-identifier-name': [ '3.0.0' ],
535 silly audit   'estree-util-scope': [ '1.0.0' ],
535 silly audit   'hast-util-to-jsx-runtime': [ '2.3.6' ],
535 silly audit   'markdown-extensions': [ '2.0.0' ],
535 silly audit   'recma-build-jsx': [ '1.0.0' ],
535 silly audit   'recma-jsx': [ '1.0.1' ],
535 silly audit   'recma-stringify': [ '1.0.0' ],
535 silly audit   'rehype-recma': [ '1.0.0' ],
535 silly audit   'remark-mdx': [ '3.1.1' ],
535 silly audit   'unist-util-position-from-estree': [ '2.0.0' ],
535 silly audit   '@astrojs/telemetry': [ '3.3.2' ],
535 silly audit   'ci-info': [ '4.4.0' ],
535 silly audit   devalue: [ '5.8.1' ],
535 silly audit   dset: [ '3.1.4' ],
535 silly audit   'get-tsconfig': [ '5.0.0-beta.4' ],
535 silly audit   'jsonc-parser': [ '3.3.1' ],
535 silly audit   'is-docker': [ '4.0.0', '3.0.0' ],
535 silly audit   'is-wsl': [ '3.1.1' ],
535 silly audit   'which-pm-runs': [ '1.1.0' ],
535 silly audit   'resolve-pkg-maps': [ '1.0.0' ],
535 silly audit   'mdast-util-mdx-expression': [ '2.0.1' ],
535 silly audit   'mdast-util-mdx-jsx': [ '3.2.0' ],
535 silly audit   'mdast-util-mdxjs-esm': [ '2.0.1' ],
535 silly audit   'style-to-js': [ '1.1.21' ],
535 silly audit   'hast-util-is-element': [ '3.0.0' ],
535 silly audit   'unist-util-find-after': [ '5.0.0' ],
535 silly audit   'is-inside-container': [ '1.0.0' ],
535 silly audit   argparse: [ '2.0.1' ],
535 silly audit   'parse-entities': [ '4.0.2' ],
535 silly audit   'character-reference-invalid': [ '2.0.1' ],
535 silly audit   'is-alphanumerical': [ '2.0.1' ],
535 silly audit   'is-decimal': [ '2.0.1' ],
535 silly audit   'is-hexadecimal': [ '2.0.1' ],
535 silly audit   'is-alphabetical': [ '2.0.1' ],
535 silly audit   'estree-util-build-jsx': [ '3.0.1' ],
535 silly audit   'acorn-jsx': [ '5.3.2' ],
535 silly audit   'estree-util-to-js': [ '2.0.0' ],
535 silly audit   'recma-parse': [ '1.0.0' ],
535 silly audit   astring: [ '1.9.0' ],
535 silly audit   'esast-util-from-js': [ '2.0.1' ],
535 silly audit   'esast-util-from-estree': [ '2.0.0' ],
535 silly audit   'hast-util-to-estree': [ '3.1.3' ],
535 silly audit   'estree-util-attach-comments': [ '3.0.0' ],
535 silly audit   'mdast-util-mdx': [ '3.0.0' ],
535 silly audit   'micromark-extension-mdxjs': [ '3.0.0' ],
535 silly audit   'micromark-extension-mdx-expression': [ '3.0.1' ],
535 silly audit   'micromark-extension-mdx-jsx': [ '3.0.2' ],
535 silly audit   'micromark-extension-mdx-md': [ '2.0.0' ],
535 silly audit   'micromark-extension-mdxjs-esm': [ '3.0.0' ],
535 silly audit   'micromark-factory-mdx-expression': [ '2.0.3' ],
535 silly audit   'micromark-util-events-to-acorn': [ '2.0.3' ],
535 silly audit   '@shikijs/core': [ '4.2.0' ],
535 silly audit   '@shikijs/engine-javascript': [ '4.2.0' ],
535 silly audit   '@shikijs/engine-oniguruma': [ '4.2.0' ],
535 silly audit   '@shikijs/langs': [ '4.2.0' ],
535 silly audit   '@shikijs/themes': [ '4.2.0' ],
535 silly audit   '@shikijs/types': [ '4.2.0' ],
535 silly audit   '@shikijs/vscode-textmate': [ '10.0.2' ],
535 silly audit   '@shikijs/primitive': [ '4.2.0' ],
535 silly audit   'oniguruma-to-es': [ '4.3.6' ],
535 silly audit   'oniguruma-parser': [ '0.12.2' ],
535 silly audit   regex: [ '6.1.0' ],
535 silly audit   'regex-recursion': [ '6.0.2' ],
535 silly audit   'regex-utilities': [ '2.3.0' ],
535 silly audit   'style-to-object': [ '1.0.14' ],
535 silly audit   'inline-style-parser': [ '0.2.7' ]
535 silly audit }
536 http cache micromark-extension-mdx-md@https://registry.npmjs.org/micromark-extension-mdx-md/-/micromark-extension-mdx-md-2.0.0.tgz 0ms (cache hit)
537 http cache micromark-util-events-to-acorn@https://registry.npmjs.org/micromark-util-events-to-acorn/-/micromark-util-events-to-acorn-2.0.3.tgz 0ms (cache hit)
538 http cache style-to-object@https://registry.npmjs.org/style-to-object/-/style-to-object-1.0.14.tgz 0ms (cache hit)
539 http cache micromark-extension-mdxjs-esm@https://registry.npmjs.org/micromark-extension-mdxjs-esm/-/micromark-extension-mdxjs-esm-3.0.0.tgz 0ms (cache hit)
540 http cache inline-style-parser@https://registry.npmjs.org/inline-style-parser/-/inline-style-parser-0.2.7.tgz 0ms (cache hit)
541 http cache micromark-factory-mdx-expression@https://registry.npmjs.org/micromark-factory-mdx-expression/-/micromark-factory-mdx-expression-2.0.3.tgz 0ms (cache hit)
542 http cache micromark-extension-mdxjs@https://registry.npmjs.org/micromark-extension-mdxjs/-/micromark-extension-mdxjs-3.0.0.tgz 0ms (cache hit)
543 http cache micromark-extension-mdx-jsx@https://registry.npmjs.org/micromark-extension-mdx-jsx/-/micromark-extension-mdx-jsx-3.0.2.tgz 0ms (cache hit)
544 http cache micromark-extension-mdx-expression@https://registry.npmjs.org/micromark-extension-mdx-expression/-/micromark-extension-mdx-expression-3.0.1.tgz 0ms (cache hit)
545 http cache estree-util-attach-comments@https://registry.npmjs.org/estree-util-attach-comments/-/estree-util-attach-comments-3.0.0.tgz 0ms (cache hit)
546 http cache mdast-util-mdx@https://registry.npmjs.org/mdast-util-mdx/-/mdast-util-mdx-3.0.0.tgz 1ms (cache hit)
547 http cache astring@https://registry.npmjs.org/astring/-/astring-1.9.0.tgz 0ms (cache hit)
548 http cache hast-util-to-estree@https://registry.npmjs.org/hast-util-to-estree/-/hast-util-to-estree-3.1.3.tgz 0ms (cache hit)
549 http cache esast-util-from-estree@https://registry.npmjs.org/esast-util-from-estree/-/esast-util-from-estree-2.0.0.tgz 0ms (cache hit)
550 http cache esast-util-from-js@https://registry.npmjs.org/esast-util-from-js/-/esast-util-from-js-2.0.1.tgz 0ms (cache hit)
551 http cache acorn-jsx@https://registry.npmjs.org/acorn-jsx/-/acorn-jsx-5.3.2.tgz 0ms (cache hit)
552 http cache is-alphabetical@https://registry.npmjs.org/is-alphabetical/-/is-alphabetical-2.0.1.tgz 0ms (cache hit)
553 http cache estree-util-to-js@https://registry.npmjs.org/estree-util-to-js/-/estree-util-to-js-2.0.0.tgz 0ms (cache hit)
554 http cache estree-util-build-jsx@https://registry.npmjs.org/estree-util-build-jsx/-/estree-util-build-jsx-3.0.1.tgz 0ms (cache hit)
555 http cache recma-parse@https://registry.npmjs.org/recma-parse/-/recma-parse-1.0.0.tgz 0ms (cache hit)
556 http cache is-decimal@https://registry.npmjs.org/is-decimal/-/is-decimal-2.0.1.tgz 0ms (cache hit)
557 http cache is-hexadecimal@https://registry.npmjs.org/is-hexadecimal/-/is-hexadecimal-2.0.1.tgz 0ms (cache hit)
558 http cache style-to-js@https://registry.npmjs.org/style-to-js/-/style-to-js-1.1.21.tgz 0ms (cache hit)
559 http cache parse-entities@https://registry.npmjs.org/parse-entities/-/parse-entities-4.0.2.tgz 0ms (cache hit)
560 http cache character-reference-invalid@https://registry.npmjs.org/character-reference-invalid/-/character-reference-invalid-2.0.1.tgz 0ms (cache hit)
561 http cache is-alphanumerical@https://registry.npmjs.org/is-alphanumerical/-/is-alphanumerical-2.0.1.tgz 0ms (cache hit)
562 http cache mdast-util-mdxjs-esm@https://registry.npmjs.org/mdast-util-mdxjs-esm/-/mdast-util-mdxjs-esm-2.0.1.tgz 0ms (cache hit)
563 http cache resolve-pkg-maps@https://registry.npmjs.org/resolve-pkg-maps/-/resolve-pkg-maps-1.0.0.tgz 0ms (cache hit)
564 http cache mdast-util-mdx-jsx@https://registry.npmjs.org/mdast-util-mdx-jsx/-/mdast-util-mdx-jsx-3.2.0.tgz 0ms (cache hit)
565 http cache mdast-util-mdx-expression@https://registry.npmjs.org/mdast-util-mdx-expression/-/mdast-util-mdx-expression-2.0.1.tgz 0ms (cache hit)
566 http cache remark-mdx@https://registry.npmjs.org/remark-mdx/-/remark-mdx-3.1.1.tgz 0ms (cache hit)
567 http cache unist-util-position-from-estree@https://registry.npmjs.org/unist-util-position-from-estree/-/unist-util-position-from-estree-2.0.0.tgz 0ms (cache hit)
568 http cache rehype-recma@https://registry.npmjs.org/rehype-recma/-/rehype-recma-1.0.0.tgz 0ms (cache hit)
569 http cache recma-jsx@https://registry.npmjs.org/recma-jsx/-/recma-jsx-1.0.1.tgz 0ms (cache hit)
570 http cache jsonc-parser@https://registry.npmjs.org/jsonc-parser/-/jsonc-parser-3.3.1.tgz 0ms (cache hit)
571 http cache get-tsconfig@https://registry.npmjs.org/get-tsconfig/-/get-tsconfig-5.0.0-beta.4.tgz 0ms (cache hit)
572 http cache markdown-extensions@https://registry.npmjs.org/markdown-extensions/-/markdown-extensions-2.0.0.tgz 0ms (cache hit)
573 http cache recma-stringify@https://registry.npmjs.org/recma-stringify/-/recma-stringify-1.0.0.tgz 1ms (cache hit)
574 http cache estree-util-is-identifier-name@https://registry.npmjs.org/estree-util-is-identifier-name/-/estree-util-is-identifier-name-3.0.0.tgz 0ms (cache hit)
575 http cache hast-util-to-jsx-runtime@https://registry.npmjs.org/hast-util-to-jsx-runtime/-/hast-util-to-jsx-runtime-2.3.6.tgz 0ms (cache hit)
576 http cache estree-util-scope@https://registry.npmjs.org/estree-util-scope/-/estree-util-scope-1.0.0.tgz 0ms (cache hit)
577 http cache @types/estree-jsx@https://registry.npmjs.org/@types/estree-jsx/-/estree-jsx-1.0.5.tgz 0ms (cache hit)
578 http cache @types/mdx@https://registry.npmjs.org/@types/mdx/-/mdx-2.0.14.tgz 0ms (cache hit)
579 http cache collapse-white-space@https://registry.npmjs.org/collapse-white-space/-/collapse-white-space-2.1.0.tgz 0ms (cache hit)
580 http cache @mdx-js/mdx@https://registry.npmjs.org/@mdx-js/mdx/-/mdx-3.1.1.tgz 0ms (cache hit)
581 http cache @shikijs/types@https://registry.npmjs.org/@shikijs/types/-/types-4.2.0.tgz 0ms (cache hit)
582 http cache @astrojs/mdx@https://registry.npmjs.org/@astrojs/mdx/-/mdx-6.0.3.tgz 0ms (cache hit)
583 http cache recma-build-jsx@https://registry.npmjs.org/recma-build-jsx/-/recma-build-jsx-1.0.0.tgz 0ms (cache hit)
584 http cache @astrojs/internal-helpers@https://registry.npmjs.org/@astrojs/internal-helpers/-/internal-helpers-0.10.0.tgz 0ms (cache hit)
585 http cache @shikijs/langs@https://registry.npmjs.org/@shikijs/langs/-/langs-4.2.0.tgz 0ms (cache hit)
586 http cache @astrojs/telemetry@https://registry.npmjs.org/@astrojs/telemetry/-/telemetry-3.3.2.tgz 0ms (cache hit)
587 http cache @astrojs/prism@https://registry.npmjs.org/@astrojs/prism/-/prism-4.0.2.tgz 0ms (cache hit)
588 http cache acorn@https://registry.npmjs.org/acorn/-/acorn-8.17.0.tgz 0ms (cache hit)
589 http cache source-map@https://registry.npmjs.org/source-map/-/source-map-0.7.6.tgz 0ms (cache hit)
590 http cache estree-util-visit@https://registry.npmjs.org/estree-util-visit/-/estree-util-visit-2.0.0.tgz 0ms (cache hit)
591 http cache @shikijs/core@https://registry.npmjs.org/@shikijs/core/-/core-4.2.0.tgz 0ms (cache hit)
592 http cache @shikijs/primitive@https://registry.npmjs.org/@shikijs/primitive/-/primitive-4.2.0.tgz 0ms (cache hit)
593 http cache shiki@https://registry.npmjs.org/shiki/-/shiki-4.2.0.tgz 0ms (cache hit)
594 http cache @shikijs/themes@https://registry.npmjs.org/@shikijs/themes/-/themes-4.2.0.tgz 0ms (cache hit)
595 http cache @types/unist@https://registry.npmjs.org/@types/unist/-/unist-2.0.11.tgz 0ms (cache hit)
596 http cache astro@https://registry.npmjs.org/astro/-/astro-6.4.6.tgz 0ms (cache hit)
597 http cache estree-walker@https://registry.npmjs.org/estree-walker/-/estree-walker-3.0.3.tgz 0ms (cache hit)
598 http cache @shikijs/engine-oniguruma@https://registry.npmjs.org/@shikijs/engine-oniguruma/-/engine-oniguruma-4.2.0.tgz 0ms (cache hit)
599 http cache @shikijs/engine-javascript@https://registry.npmjs.org/@shikijs/engine-javascript/-/engine-javascript-4.2.0.tgz 0ms (cache hit)
600 http cache @astrojs/markdown-remark@https://registry.npmjs.org/@astrojs/markdown-remark/-/markdown-remark-7.2.0.tgz 0ms (cache hit)
601 http cache estree-walker@https://registry.npmjs.org/estree-walker/-/estree-walker-3.0.3.tgz 0ms (cache hit)
602 http cache devalue@https://registry.npmjs.org/devalue/-/devalue-5.8.1.tgz 0ms (cache hit)
603 http cache js-yaml@https://registry.npmjs.org/js-yaml/-/js-yaml-4.2.0.tgz 0ms (cache hit)
604 silly tarball no local data for micromark-extension-mdxjs-esm@https://registry.npmjs.org/micromark-extension-mdxjs-esm/-/micromark-extension-mdxjs-esm-3.0.0.tgz. Extracting by manifest.
605 silly tarball no local data for micromark-util-events-to-acorn@https://registry.npmjs.org/micromark-util-events-to-acorn/-/micromark-util-events-to-acorn-2.0.3.tgz. Extracting by manifest.
606 silly tarball no local data for micromark-extension-mdx-md@https://registry.npmjs.org/micromark-extension-mdx-md/-/micromark-extension-mdx-md-2.0.0.tgz. Extracting by manifest.
607 silly tarball no local data for style-to-object@https://registry.npmjs.org/style-to-object/-/style-to-object-1.0.14.tgz. Extracting by manifest.
608 silly tarball no local data for micromark-extension-mdxjs@https://registry.npmjs.org/micromark-extension-mdxjs/-/micromark-extension-mdxjs-3.0.0.tgz. Extracting by manifest.
609 silly tarball no local data for micromark-extension-mdx-jsx@https://registry.npmjs.org/micromark-extension-mdx-jsx/-/micromark-extension-mdx-jsx-3.0.2.tgz. Extracting by manifest.
610 silly tarball no local data for micromark-extension-mdx-expression@https://registry.npmjs.org/micromark-extension-mdx-expression/-/micromark-extension-mdx-expression-3.0.1.tgz. Extracting by manifest.
611 silly tarball no local data for inline-style-parser@https://registry.npmjs.org/inline-style-parser/-/inline-style-parser-0.2.7.tgz. Extracting by manifest.
612 silly tarball no local data for estree-util-attach-comments@https://registry.npmjs.org/estree-util-attach-comments/-/estree-util-attach-comments-3.0.0.tgz. Extracting by manifest.
613 silly tarball no local data for micromark-factory-mdx-expression@https://registry.npmjs.org/micromark-factory-mdx-expression/-/micromark-factory-mdx-expression-2.0.3.tgz. Extracting by manifest.
614 silly tarball no local data for mdast-util-mdx@https://registry.npmjs.org/mdast-util-mdx/-/mdast-util-mdx-3.0.0.tgz. Extracting by manifest.
615 silly tarball no local data for astring@https://registry.npmjs.org/astring/-/astring-1.9.0.tgz. Extracting by manifest.
616 silly tarball no local data for hast-util-to-estree@https://registry.npmjs.org/hast-util-to-estree/-/hast-util-to-estree-3.1.3.tgz. Extracting by manifest.
617 silly tarball no local data for acorn-jsx@https://registry.npmjs.org/acorn-jsx/-/acorn-jsx-5.3.2.tgz. Extracting by manifest.
618 silly tarball no local data for esast-util-from-estree@https://registry.npmjs.org/esast-util-from-estree/-/esast-util-from-estree-2.0.0.tgz. Extracting by manifest.
619 silly tarball no local data for esast-util-from-js@https://registry.npmjs.org/esast-util-from-js/-/esast-util-from-js-2.0.1.tgz. Extracting by manifest.
620 silly tarball no local data for recma-parse@https://registry.npmjs.org/recma-parse/-/recma-parse-1.0.0.tgz. Extracting by manifest.
621 silly tarball no local data for estree-util-to-js@https://registry.npmjs.org/estree-util-to-js/-/estree-util-to-js-2.0.0.tgz. Extracting by manifest.
622 silly tarball no local data for is-alphabetical@https://registry.npmjs.org/is-alphabetical/-/is-alphabetical-2.0.1.tgz. Extracting by manifest.
623 silly tarball no local data for estree-util-build-jsx@https://registry.npmjs.org/estree-util-build-jsx/-/estree-util-build-jsx-3.0.1.tgz. Extracting by manifest.
624 silly tarball no local data for is-decimal@https://registry.npmjs.org/is-decimal/-/is-decimal-2.0.1.tgz. Extracting by manifest.
625 silly tarball no local data for style-to-js@https://registry.npmjs.org/style-to-js/-/style-to-js-1.1.21.tgz. Extracting by manifest.
626 silly tarball no local data for character-reference-invalid@https://registry.npmjs.org/character-reference-invalid/-/character-reference-invalid-2.0.1.tgz. Extracting by manifest.
627 silly tarball no local data for is-alphanumerical@https://registry.npmjs.org/is-alphanumerical/-/is-alphanumerical-2.0.1.tgz. Extracting by manifest.
628 silly tarball no local data for parse-entities@https://registry.npmjs.org/parse-entities/-/parse-entities-4.0.2.tgz. Extracting by manifest.
629 silly tarball no local data for is-hexadecimal@https://registry.npmjs.org/is-hexadecimal/-/is-hexadecimal-2.0.1.tgz. Extracting by manifest.
630 silly tarball no local data for mdast-util-mdxjs-esm@https://registry.npmjs.org/mdast-util-mdxjs-esm/-/mdast-util-mdxjs-esm-2.0.1.tgz. Extracting by manifest.
631 silly tarball no local data for mdast-util-mdx-jsx@https://registry.npmjs.org/mdast-util-mdx-jsx/-/mdast-util-mdx-jsx-3.2.0.tgz. Extracting by manifest.
632 silly tarball no local data for resolve-pkg-maps@https://registry.npmjs.org/resolve-pkg-maps/-/resolve-pkg-maps-1.0.0.tgz. Extracting by manifest.
633 silly tarball no local data for mdast-util-mdx-expression@https://registry.npmjs.org/mdast-util-mdx-expression/-/mdast-util-mdx-expression-2.0.1.tgz. Extracting by manifest.
634 silly tarball no local data for remark-mdx@https://registry.npmjs.org/remark-mdx/-/remark-mdx-3.1.1.tgz. Extracting by manifest.
635 silly tarball no local data for recma-jsx@https://registry.npmjs.org/recma-jsx/-/recma-jsx-1.0.1.tgz. Extracting by manifest.
636 silly tarball no local data for jsonc-parser@https://registry.npmjs.org/jsonc-parser/-/jsonc-parser-3.3.1.tgz. Extracting by manifest.
637 silly tarball no local data for unist-util-position-from-estree@https://registry.npmjs.org/unist-util-position-from-estree/-/unist-util-position-from-estree-2.0.0.tgz. Extracting by manifest.
638 silly tarball no local data for rehype-recma@https://registry.npmjs.org/rehype-recma/-/rehype-recma-1.0.0.tgz. Extracting by manifest.
639 silly tarball no local data for get-tsconfig@https://registry.npmjs.org/get-tsconfig/-/get-tsconfig-5.0.0-beta.4.tgz. Extracting by manifest.
640 silly tarball no local data for recma-stringify@https://registry.npmjs.org/recma-stringify/-/recma-stringify-1.0.0.tgz. Extracting by manifest.
641 silly tarball no local data for markdown-extensions@https://registry.npmjs.org/markdown-extensions/-/markdown-extensions-2.0.0.tgz. Extracting by manifest.
642 silly tarball no local data for hast-util-to-jsx-runtime@https://registry.npmjs.org/hast-util-to-jsx-runtime/-/hast-util-to-jsx-runtime-2.3.6.tgz. Extracting by manifest.
643 silly tarball no local data for estree-util-is-identifier-name@https://registry.npmjs.org/estree-util-is-identifier-name/-/estree-util-is-identifier-name-3.0.0.tgz. Extracting by manifest.
644 silly tarball no local data for estree-util-scope@https://registry.npmjs.org/estree-util-scope/-/estree-util-scope-1.0.0.tgz. Extracting by manifest.
645 silly tarball no local data for @types/estree-jsx@https://registry.npmjs.org/@types/estree-jsx/-/estree-jsx-1.0.5.tgz. Extracting by manifest.
646 silly tarball no local data for @types/mdx@https://registry.npmjs.org/@types/mdx/-/mdx-2.0.14.tgz. Extracting by manifest.
647 silly tarball no local data for collapse-white-space@https://registry.npmjs.org/collapse-white-space/-/collapse-white-space-2.1.0.tgz. Extracting by manifest.
648 silly tarball no local data for @mdx-js/mdx@https://registry.npmjs.org/@mdx-js/mdx/-/mdx-3.1.1.tgz. Extracting by manifest.
649 silly tarball no local data for @shikijs/types@https://registry.npmjs.org/@shikijs/types/-/types-4.2.0.tgz. Extracting by manifest.
650 silly tarball no local data for recma-build-jsx@https://registry.npmjs.org/recma-build-jsx/-/recma-build-jsx-1.0.0.tgz. Extracting by manifest.
651 silly tarball no local data for @astrojs/internal-helpers@https://registry.npmjs.org/@astrojs/internal-helpers/-/internal-helpers-0.10.0.tgz. Extracting by manifest.
652 silly tarball no local data for @astrojs/mdx@https://registry.npmjs.org/@astrojs/mdx/-/mdx-6.0.3.tgz. Extracting by manifest.
653 silly tarball no local data for @shikijs/langs@https://registry.npmjs.org/@shikijs/langs/-/langs-4.2.0.tgz. Extracting by manifest.
654 silly tarball no local data for @astrojs/telemetry@https://registry.npmjs.org/@astrojs/telemetry/-/telemetry-3.3.2.tgz. Extracting by manifest.
655 silly tarball no local data for @astrojs/prism@https://registry.npmjs.org/@astrojs/prism/-/prism-4.0.2.tgz. Extracting by manifest.
656 silly tarball no local data for source-map@https://registry.npmjs.org/source-map/-/source-map-0.7.6.tgz. Extracting by manifest.
657 silly tarball no local data for acorn@https://registry.npmjs.org/acorn/-/acorn-8.17.0.tgz. Extracting by manifest.
658 silly tarball no local data for estree-util-visit@https://registry.npmjs.org/estree-util-visit/-/estree-util-visit-2.0.0.tgz. Extracting by manifest.
659 silly tarball no local data for @shikijs/core@https://registry.npmjs.org/@shikijs/core/-/core-4.2.0.tgz. Extracting by manifest.
660 silly tarball no local data for @shikijs/primitive@https://registry.npmjs.org/@shikijs/primitive/-/primitive-4.2.0.tgz. Extracting by manifest.
661 silly tarball no local data for shiki@https://registry.npmjs.org/shiki/-/shiki-4.2.0.tgz. Extracting by manifest.
662 silly tarball no local data for @types/unist@https://registry.npmjs.org/@types/unist/-/unist-2.0.11.tgz. Extracting by manifest.
663 silly tarball no local data for estree-walker@https://registry.npmjs.org/estree-walker/-/estree-walker-3.0.3.tgz. Extracting by manifest.
664 silly tarball no local data for @shikijs/themes@https://registry.npmjs.org/@shikijs/themes/-/themes-4.2.0.tgz. Extracting by manifest.
665 silly tarball no local data for @shikijs/engine-oniguruma@https://registry.npmjs.org/@shikijs/engine-oniguruma/-/engine-oniguruma-4.2.0.tgz. Extracting by manifest.
666 silly tarball no local data for astro@https://registry.npmjs.org/astro/-/astro-6.4.6.tgz. Extracting by manifest.
667 silly tarball no local data for @shikijs/engine-javascript@https://registry.npmjs.org/@shikijs/engine-javascript/-/engine-javascript-4.2.0.tgz. Extracting by manifest.
668 silly tarball no local data for estree-walker@https://registry.npmjs.org/estree-walker/-/estree-walker-3.0.3.tgz. Extracting by manifest.
669 silly tarball no local data for @astrojs/markdown-remark@https://registry.npmjs.org/@astrojs/markdown-remark/-/markdown-remark-7.2.0.tgz. Extracting by manifest.
670 silly tarball no local data for js-yaml@https://registry.npmjs.org/js-yaml/-/js-yaml-4.2.0.tgz. Extracting by manifest.
671 silly tarball no local data for devalue@https://registry.npmjs.org/devalue/-/devalue-5.8.1.tgz. Extracting by manifest.
672 http fetch POST 200 https://registry.npmjs.org/-/npm/v1/security/advisories/bulk 308ms
673 silly audit report {
673 silly audit report   esbuild: [
673 silly audit report     {
673 silly audit report       id: 1120679,
673 silly audit report       url: 'https://github.com/advisories/GHSA-gv7w-rqvm-qjhr',
673 silly audit report       title: 'esbuild: Missing binary integrity verification in Deno module enables remote code execution via NPM_CONFIG_REGISTRY',
673 silly audit report       severity: 'high',
673 silly audit report       vulnerable_versions: '>=0.17.0 <0.28.1',
673 silly audit report       cwe: [Array],
673 silly audit report       cvss: [Object]
673 silly audit report     },
673 silly audit report     {
673 silly audit report       id: 1120680,
673 silly audit report       url: 'https://github.com/advisories/GHSA-g7r4-m6w7-qqqr',
673 silly audit report       title: 'esbuild allows arbitrary file read when running the development server on Windows',
673 silly audit report       severity: 'low',
673 silly audit report       vulnerable_versions: '>=0.27.3 <0.28.1',
673 silly audit report       cwe: [Array],
673 silly audit report       cvss: [Object]
673 silly audit report     }
673 silly audit report   ]
673 silly audit report }
674 silly packumentCache corgi:https://registry.npmjs.org/esbuild cache-miss
675 http fetch GET 200 https://registry.npmjs.org/estree-util-attach-comments/-/estree-util-attach-comments-3.0.0.tgz 313ms (cache miss)
676 http fetch GET 200 https://registry.npmjs.org/micromark-extension-mdxjs/-/micromark-extension-mdxjs-3.0.0.tgz 324ms (cache miss)
677 http fetch GET 200 https://registry.npmjs.org/micromark-extension-mdx-expression/-/micromark-extension-mdx-expression-3.0.1.tgz 327ms (cache miss)
678 http fetch GET 200 https://registry.npmjs.org/micromark-extension-mdx-md/-/micromark-extension-mdx-md-2.0.0.tgz 373ms (cache miss)
679 http fetch GET 200 https://registry.npmjs.org/esast-util-from-estree/-/esast-util-from-estree-2.0.0.tgz 437ms (cache miss)
680 http fetch GET 200 https://registry.npmjs.org/micromark-factory-mdx-expression/-/micromark-factory-mdx-expression-2.0.3.tgz 448ms (cache miss)
681 http fetch GET 200 https://registry.npmjs.org/micromark-extension-mdxjs-esm/-/micromark-extension-mdxjs-esm-3.0.0.tgz 588ms (cache miss)
682 http fetch GET 200 https://registry.npmjs.org/mdast-util-mdx/-/mdast-util-mdx-3.0.0.tgz 650ms (cache miss)
683 http fetch GET 200 https://registry.npmjs.org/micromark-util-events-to-acorn/-/micromark-util-events-to-acorn-2.0.3.tgz 671ms (cache miss)
684 http fetch GET 200 https://registry.npmjs.org/micromark-extension-mdx-jsx/-/micromark-extension-mdx-jsx-3.0.2.tgz 698ms (cache miss)
685 http fetch GET 200 https://registry.npmjs.org/is-decimal/-/is-decimal-2.0.1.tgz 692ms (cache miss)
686 http fetch GET 200 https://registry.npmjs.org/estree-util-build-jsx/-/estree-util-build-jsx-3.0.1.tgz 764ms (cache miss)
687 http fetch GET 200 https://registry.npmjs.org/is-alphanumerical/-/is-alphanumerical-2.0.1.tgz 831ms (cache miss)
688 http fetch GET 200 https://registry.npmjs.org/acorn-jsx/-/acorn-jsx-5.3.2.tgz 841ms (cache miss)
689 http fetch GET 200 https://registry.npmjs.org/esast-util-from-js/-/esast-util-from-js-2.0.1.tgz 863ms (cache miss)
690 http fetch GET 200 https://registry.npmjs.org/estree-util-to-js/-/estree-util-to-js-2.0.0.tgz 874ms (cache miss)
691 http fetch GET 200 https://registry.npmjs.org/recma-parse/-/recma-parse-1.0.0.tgz 883ms (cache miss)
692 http fetch GET 200 https://registry.npmjs.org/is-alphabetical/-/is-alphabetical-2.0.1.tgz 885ms (cache miss)
693 http fetch GET 200 https://registry.npmjs.org/character-reference-invalid/-/character-reference-invalid-2.0.1.tgz 933ms (cache miss)
694 http fetch GET 200 https://registry.npmjs.org/is-hexadecimal/-/is-hexadecimal-2.0.1.tgz 974ms (cache miss)
695 http fetch GET 200 https://registry.npmjs.org/mdast-util-mdxjs-esm/-/mdast-util-mdxjs-esm-2.0.1.tgz 1072ms (cache miss)
696 http fetch GET 200 https://registry.npmjs.org/remark-mdx/-/remark-mdx-3.1.1.tgz 1088ms (cache miss)
697 http fetch GET 200 https://registry.npmjs.org/resolve-pkg-maps/-/resolve-pkg-maps-1.0.0.tgz 1144ms (cache miss)
698 http fetch GET 200 https://registry.npmjs.org/recma-jsx/-/recma-jsx-1.0.1.tgz 1167ms (cache miss)
699 http fetch GET 200 https://registry.npmjs.org/inline-style-parser/-/inline-style-parser-0.2.7.tgz 1202ms (cache miss)
700 http fetch GET 200 https://registry.npmjs.org/astring/-/astring-1.9.0.tgz 1228ms (cache miss)
701 http fetch GET 200 https://registry.npmjs.org/unist-util-position-from-estree/-/unist-util-position-from-estree-2.0.0.tgz 1237ms (cache miss)
702 http fetch GET 200 https://registry.npmjs.org/recma-stringify/-/recma-stringify-1.0.0.tgz 1239ms (cache miss)
703 http fetch GET 200 https://registry.npmjs.org/mdast-util-mdx-expression/-/mdast-util-mdx-expression-2.0.1.tgz 1383ms (cache miss)
704 http fetch GET 200 https://registry.npmjs.org/rehype-recma/-/rehype-recma-1.0.0.tgz 1396ms (cache miss)
705 http fetch GET 200 https://registry.npmjs.org/style-to-object/-/style-to-object-1.0.14.tgz 1409ms (cache miss)
706 http fetch GET 200 https://registry.npmjs.org/markdown-extensions/-/markdown-extensions-2.0.0.tgz 1408ms (cache miss)
707 http fetch GET 200 https://registry.npmjs.org/estree-util-is-identifier-name/-/estree-util-is-identifier-name-3.0.0.tgz 1418ms (cache miss)
708 http fetch GET 200 https://registry.npmjs.org/estree-util-scope/-/estree-util-scope-1.0.0.tgz 1505ms (cache miss)
709 http fetch GET 200 https://registry.npmjs.org/@types/estree-jsx/-/estree-jsx-1.0.5.tgz 1534ms (cache miss)
710 http fetch GET 200 https://registry.npmjs.org/parse-entities/-/parse-entities-4.0.2.tgz 1808ms (cache miss)
711 http fetch GET 200 https://registry.npmjs.org/@types/mdx/-/mdx-2.0.14.tgz 1827ms (cache miss)
712 http fetch GET 200 https://registry.npmjs.org/style-to-js/-/style-to-js-1.1.21.tgz 1903ms (cache miss)
713 http fetch GET 200 https://registry.npmjs.org/recma-build-jsx/-/recma-build-jsx-1.0.0.tgz 1959ms (cache miss)
714 http fetch GET 200 https://registry.npmjs.org/@astrojs/internal-helpers/-/internal-helpers-0.10.0.tgz 2032ms (cache miss)
715 http fetch GET 200 https://registry.npmjs.org/hast-util-to-jsx-runtime/-/hast-util-to-jsx-runtime-2.3.6.tgz 2060ms (cache miss)
716 http fetch GET 200 https://registry.npmjs.org/mdast-util-mdx-jsx/-/mdast-util-mdx-jsx-3.2.0.tgz 2066ms (cache miss)
717 http fetch GET 200 https://registry.npmjs.org/@astrojs/prism/-/prism-4.0.2.tgz 2174ms (cache miss)
718 http fetch GET 200 https://registry.npmjs.org/@astrojs/mdx/-/mdx-6.0.3.tgz 2228ms (cache miss)
719 http fetch GET 200 https://registry.npmjs.org/@mdx-js/mdx/-/mdx-3.1.1.tgz 2239ms (cache miss)
720 http fetch GET 200 https://registry.npmjs.org/get-tsconfig/-/get-tsconfig-5.0.0-beta.4.tgz 2269ms (cache miss)
721 http fetch GET 200 https://registry.npmjs.org/@shikijs/core/-/core-4.2.0.tgz 2278ms (cache miss)
722 http fetch GET 200 https://registry.npmjs.org/estree-util-visit/-/estree-util-visit-2.0.0.tgz 2301ms (cache miss)
723 http fetch GET 200 https://registry.npmjs.org/collapse-white-space/-/collapse-white-space-2.1.0.tgz 2368ms (cache miss)
724 http fetch GET 200 https://registry.npmjs.org/@types/unist/-/unist-2.0.11.tgz 2463ms (cache miss)
725 http fetch GET 200 https://registry.npmjs.org/@shikijs/engine-javascript/-/engine-javascript-4.2.0.tgz 2706ms (cache miss)
726 http fetch GET 200 https://registry.npmjs.org/@astrojs/telemetry/-/telemetry-3.3.2.tgz 2889ms (cache miss)
727 http fetch GET 200 https://registry.npmjs.org/@astrojs/markdown-remark/-/markdown-remark-7.2.0.tgz 3086ms (cache miss)
728 http fetch GET 200 https://registry.npmjs.org/estree-walker/-/estree-walker-3.0.3.tgz 3169ms (cache miss)
729 http fetch GET 200 https://registry.npmjs.org/@shikijs/primitive/-/primitive-4.2.0.tgz 3389ms (cache miss)
730 http fetch GET 200 https://registry.npmjs.org/estree-walker/-/estree-walker-3.0.3.tgz 3411ms (cache miss)
731 http fetch GET 200 https://registry.npmjs.org/@shikijs/types/-/types-4.2.0.tgz 3429ms (cache miss)
732 http fetch GET 200 https://registry.npmjs.org/hast-util-to-estree/-/hast-util-to-estree-3.1.3.tgz 3685ms (cache miss)
733 http fetch GET 200 https://registry.npmjs.org/@shikijs/engine-oniguruma/-/engine-oniguruma-4.2.0.tgz 4477ms (cache miss)
734 http fetch GET 200 https://registry.npmjs.org/@shikijs/themes/-/themes-4.2.0.tgz 4479ms (cache miss)
735 http fetch GET 200 https://registry.npmjs.org/devalue/-/devalue-5.8.1.tgz 5062ms (cache miss)
736 http fetch GET 200 https://registry.npmjs.org/source-map/-/source-map-0.7.6.tgz 5274ms (cache miss)
737 http fetch GET 200 https://registry.npmjs.org/esbuild 5149ms (cache miss)
738 silly packumentCache corgi:https://registry.npmjs.org/esbuild set size:undefined disposed:false
739 silly packumentCache corgi:https://registry.npmjs.org/vite cache-miss
740 silly packumentCache corgi:https://registry.npmjs.org/astro cache-miss
741 http fetch GET 200 https://registry.npmjs.org/js-yaml/-/js-yaml-4.2.0.tgz 5457ms (cache miss)
742 http fetch GET 200 https://registry.npmjs.org/jsonc-parser/-/jsonc-parser-3.3.1.tgz 5493ms (cache miss)
743 http fetch GET 200 https://registry.npmjs.org/shiki/-/shiki-4.2.0.tgz 5836ms (cache miss)
744 http fetch GET 200 https://registry.npmjs.org/vite 3873ms (cache miss)
745 silly packumentCache corgi:https://registry.npmjs.org/vite set size:undefined disposed:false
746 http fetch GET 200 https://registry.npmjs.org/acorn/-/acorn-8.17.0.tgz 10961ms (cache miss)
747 http fetch GET 200 https://registry.npmjs.org/@shikijs/langs/-/langs-4.2.0.tgz 14875ms (cache miss)
748 http fetch GET 200 https://registry.npmjs.org/astro 13744ms (cache miss)
749 silly packumentCache corgi:https://registry.npmjs.org/astro set size:undefined disposed:false
750 silly packumentCache corgi:https://registry.npmjs.org/vitefu cache-miss
751 http fetch GET 200 https://registry.npmjs.org/vitefu 1717ms (cache miss)
752 silly packumentCache corgi:https://registry.npmjs.org/vitefu set size:undefined disposed:false
753 silly packumentCache corgi:https://registry.npmjs.org/@astrojs%2fmdx cache-miss
754 http fetch GET 200 https://registry.npmjs.org/@astrojs%2fmdx 10648ms (cache miss)
755 silly packumentCache corgi:https://registry.npmjs.org/@astrojs%2fmdx set size:undefined disposed:false
756 http fetch GET 200 https://registry.npmjs.org/astro/-/astro-6.4.6.tgz 38653ms (cache miss)
757 silly ADD node_modules/inline-style-parser
758 silly ADD node_modules/style-to-object
759 silly ADD node_modules/micromark-util-events-to-acorn
760 silly ADD node_modules/micromark-factory-mdx-expression
761 silly ADD node_modules/micromark-extension-mdxjs-esm
762 silly ADD node_modules/micromark-extension-mdx-md
763 silly ADD node_modules/micromark-extension-mdx-jsx
764 silly ADD node_modules/micromark-extension-mdx-expression
765 silly ADD node_modules/micromark-extension-mdxjs
766 silly ADD node_modules/mdast-util-mdx
767 silly ADD node_modules/estree-util-attach-comments
768 silly ADD node_modules/hast-util-to-estree
769 silly ADD node_modules/esast-util-from-estree
770 silly ADD node_modules/esast-util-from-js
771 silly ADD node_modules/astring
772 silly ADD node_modules/recma-parse
773 silly ADD node_modules/estree-util-to-js
774 silly ADD node_modules/acorn-jsx
775 silly ADD node_modules/estree-util-build-jsx
776 silly ADD node_modules/estree-util-build-jsx/node_modules/estree-walker
777 silly ADD node_modules/is-alphabetical
778 silly ADD node_modules/is-hexadecimal
779 silly ADD node_modules/is-decimal
780 silly ADD node_modules/is-alphanumerical
781 silly ADD node_modules/character-reference-invalid
782 silly ADD node_modules/parse-entities
783 silly ADD node_modules/parse-entities/node_modules/@types/unist
784 silly ADD node_modules/style-to-js
785 silly ADD node_modules/mdast-util-mdxjs-esm
786 silly ADD node_modules/mdast-util-mdx-jsx
787 silly ADD node_modules/mdast-util-mdx-expression
788 silly ADD node_modules/resolve-pkg-maps
789 silly ADD node_modules/jsonc-parser
790 silly ADD node_modules/get-tsconfig
791 silly ADD node_modules/unist-util-position-from-estree
792 silly ADD node_modules/remark-mdx
793 silly ADD node_modules/rehype-recma
794 silly ADD node_modules/recma-stringify
795 silly ADD node_modules/recma-jsx
796 silly ADD node_modules/recma-build-jsx
797 silly ADD node_modules/markdown-extensions
798 silly ADD node_modules/hast-util-to-jsx-runtime
799 silly ADD node_modules/estree-util-scope
800 silly ADD node_modules/estree-util-is-identifier-name
801 silly ADD node_modules/collapse-white-space
802 silly ADD node_modules/@types/mdx
803 silly ADD node_modules/@types/estree-jsx
804 silly ADD node_modules/source-map
805 silly ADD node_modules/estree-util-visit
806 silly ADD node_modules/acorn
807 silly ADD node_modules/@mdx-js/mdx
808 silly ADD node_modules/@mdx-js/mdx/node_modules/estree-walker
809 silly ADD node_modules/@astrojs/mdx
810 silly CHANGE node_modules/@shikijs/types
811 silly CHANGE node_modules/@shikijs/engine-javascript
812 silly CHANGE node_modules/@shikijs/primitive
813 silly CHANGE node_modules/@shikijs/langs
814 silly CHANGE node_modules/@shikijs/themes
815 silly CHANGE node_modules/@shikijs/engine-oniguruma
816 silly CHANGE node_modules/@shikijs/core
817 silly CHANGE node_modules/@astrojs/telemetry
818 silly CHANGE node_modules/@astrojs/prism
819 silly CHANGE node_modules/@astrojs/markdown-remark
820 silly CHANGE node_modules/@astrojs/internal-helpers
821 silly REMOVE node_modules/tsconfck
822 silly CHANGE node_modules/shiki
823 silly CHANGE node_modules/js-yaml
824 silly REMOVE node_modules/dlv
825 silly CHANGE node_modules/devalue
826 silly CHANGE node_modules/astro
827 verbose cwd D:\Projects\reverx-wiki
828 verbose os Windows_NT 10.0.26200
829 verbose node v24.15.0
830 verbose npm  v11.12.1
831 notice
831 notice New minor version of npm available! 11.12.1 -> 11.17.0
831 notice Changelog: https://github.com/npm/cli/releases/tag/v11.17.0
831 notice To update run: npm install -g npm@11.17.0
831 notice  { force: true, Symbol(proc-log.meta): true }
832 verbose exit 0
833 info ok
